Unnamed: 0,org_id,base_growth,10/21/15,1/21/16,4/21/16,7/21/16,10/21/16,1/21/17,4/21/17,7/21/17,10/21/17,1/21/18,4/21/18,7/21/18,10/21/18,1/21/19,4/21/19,7/21/19,10/21/19,1/21/20,4/21/20,7/21/20,10/21/20,1/21/21,4/4/21,age
0,7,0.292951542,0,0,0,1,6,13,25,52,68,90,136,184,225,247,316,375,432,492,412,436,458,501,532,
1,9,1.951111111,0,0,0,0,0,0,0,0,0,0,2,9,222,377,513,671,918,1113,1210,1275,1695,1894,2195,
5,15,0.456321839,0,0,0,0,0,0,0,0,45,56,63,65,74,82,248,253,310,317,317,397,650,717,794,
6,16,0.072056239,0,0,0,0,0,0,0,0,0,0,17,31,39,47,46,48,61,72,76,77,81,82,82,
7,17,0.041415013,0,0,0,0,0,0,0,0,0,0,10,22,34,38,37,42,48,48,48,48,48,48,48,
10,23,0.02631579,0,0,0,0,0,0,0,15,19,21,21,21,22,22,25,25,25,25,0,0,0,0,0,
11,24,0.065269944,0,0,0,0,0,0,0,0,0,42,48,49,50,50,50,50,71,77,80,81,81,81,81,
13,27,0.001777778,0,0,0,0,0,0,0,0,0,0,17,29,34,26,23,29,31,41,48,47,58,2,2,
14,28,0.020346647,0,0,0,0,0,0,0,0,0,0,0,2,7,6,8,8,9,9,9,9,5,5,27,
16,31,0.014025245,0,0,0,0,0,0,0,11,18,32,34,48,68,74,25,28,30,24,23,23,23,21,20,
17,32,0.175732218,0,0,0,0,0,0,0,163,169,174,201,238,731,1478,1653,648,578,662,766,860,192,236,252,
19,35,0.045059289,0,0,0,0,0,0,0,0,4,57,57,57,57,57,57,57,57,57,57,57,57,57,57,
20,36,0.065897858,0,0,0,0,0,0,0,0,0,22,22,22,23,24,32,32,29,34,30,30,39,39,80,
25,41,3.139198949,0,0,0,0,0,0,0,16,46,259,418,698,1113,3057,3689,4972,6024,6289,6475,7598,8677,9853,4781,
26,42,0.266094421,0,0,0,0,0,0,0,0,0,0,78,127,156,238,180,108,209,267,293,289,241,281,310,
27,43,0.013557484,0,0,4,7,8,9,9,10,11,11,12,16,16,16,16,19,19,21,24,23,26,25,25,
29,45,1.201601165,0,0,0,0,0,0,0,4,10,23,24,67,105,114,29,68,72,94,98,142,495,1346,1651,
31,47,0.019823789,0,0,0,0,0,0,0,7,11,20,32,38,30,27,32,35,35,35,24,25,26,27,27,
36,55,0.043992121,0,0,0,0,0,0,9,34,105,125,215,268,301,320,321,276,292,315,248,65,65,67,67,
37,56,1.291640867,0,0,0,0,0,13,61,299,449,527,697,826,979,1077,1377,1754,1674,1806,1780,2201,1928,2046,2086,
39,58,0.111411209,0,0,0,0,0,0,1,19,19,21,22,29,15,28,35,68,89,112,140,91,129,160,165,
40,59,1.219978166,0,0,0,12,52,81,116,159,192,428,476,525,591,803,778,726,921,1104,1258,1403,2259,2304,2235,
41,60,0.077512777,0,0,0,0,0,0,0,0,0,11,19,32,35,41,51,54,67,73,77,81,83,84,91,
42,61,0.114720111,0,0,0,0,0,0,0,1,4,7,16,37,52,76,73,97,121,132,145,142,155,160,166,
43,62,0.027522936,0,0,0,0,0,0,0,8,13,15,16,30,32,39,33,35,38,39,39,39,39,39,39,
44,63,0.003051106,0,0,0,0,0,0,0,0,259,265,271,275,286,295,302,258,264,264,27,93,102,4,4,
45,65,0.604919679,0,27,107,154,209,279,368,458,536,654,701,865,825,882,781,790,825,833,865,993,1075,1222,1205,
46,67,0.00495356,0,0,0,0,0,8,8,8,8,8,8,8,8,8,8,8,8,8,8,8,8,8,8,
50,72,0.144683324,0,0,0,13,13,13,15,18,41,52,76,95,93,109,99,112,128,120,254,245,250,249,249,
51,73,0.039096438,0,0,0,0,0,0,0,0,0,0,4,6,6,6,7,7,9,27,25,34,35,44,45,
52,74,0.008152174,0,0,0,0,0,0,0,5,6,9,10,16,17,17,17,18,17,15,15,15,15,15,15,
53,75,0.008219178,0,0,0,0,0,0,0,2,2,6,7,8,14,14,16,16,13,13,12,12,0,0,0,
54,76,0.082288401,0,0,0,0,0,0,0,0,3,4,17,36,39,64,57,67,56,48,59,56,74,104,105,
55,77,6.642491468,0,0,0,0,0,0,0,0,0,0,214,752,1529,2098,2538,2865,3174,3981,4848,5966,6382,7035,7785,
56,78,0.170398689,0,0,0,0,0,4,5,16,26,42,59,61,70,102,99,112,131,150,201,200,308,313,312,
57,79,0.0261959,0,0,0,21,22,45,45,45,45,46,46,46,46,46,46,46,46,46,46,46,46,46,46,
58,80,0.158730159,0,0,0,0,0,0,0,0,1,38,43,70,68,94,109,128,174,179,194,154,160,203,220,
60,82,0.160958904,0,0,0,0,0,0,3,3,22,62,92,163,229,263,305,296,294,172,178,185,208,215,235,
61,83,0.16064257,0,1,6,21,33,49,65,86,102,110,120,144,173,189,217,228,246,278,296,313,321,320,320,
63,86,0.034570412,0,0,3,14,39,56,78,108,135,160,198,242,236,33,83,121,36,142,98,61,107,18,68,
64,87,0.015548282,0,0,0,0,0,0,0,0,0,34,83,155,225,295,323,346,343,220,223,35,19,19,19,
68,93,0.007988381,0,0,0,0,0,0,0,9,10,10,10,10,10,10,10,10,10,10,10,10,10,11,11,
70,98,0.00804721,0,0,0,0,0,0,0,0,0,2,2,15,16,16,18,18,19,19,25,15,15,15,15,
71,99,0.271922768,0,0,0,0,0,0,0,0,0,5,19,47,72,96,140,206,263,280,337,338,338,338,338,
73,102,0.62979684,0,0,0,0,0,0,0,0,5,62,142,246,300,328,339,362,404,488,80,544,825,837,837,
74,103,0.01072523,0,0,0,1,1,1,3,15,26,27,27,30,30,32,34,33,35,30,32,33,33,33,21,
75,105,0.134735203,0,0,0,0,0,0,0,0,1,14,17,20,27,14,19,40,84,90,116,136,163,139,173,
77,107,0.226086957,0,0,0,0,0,0,0,0,0,0,16,27,39,39,48,82,101,118,188,160,166,217,260,
78,109,0.209064328,0,0,0,0,0,0,0,0,30,38,91,92,188,182,204,254,291,301,306,250,273,276,286,
80,112,1.101878613,0,0,0,0,0,0,0,5,31,285,426,886,979,1493,1378,1386,1546,1666,1627,1545,1540,1525,1525,
81,113,0.290819902,0,0,0,0,0,0,0,20,23,56,111,115,126,147,172,187,230,258,293,328,366,397,415,
82,114,0.082183908,0,0,0,0,0,26,26,26,39,74,88,152,127,134,129,124,133,146,154,155,156,144,143,
83,115,0.015942826,0,0,3,8,13,13,14,14,14,15,17,21,23,23,23,25,32,33,29,32,36,32,29,
84,116,0.026933702,0,0,0,0,0,0,3,11,14,14,16,18,18,23,26,32,32,32,33,39,39,39,39,
85,117,0.105479452,0,0,0,0,0,0,39,58,65,86,92,96,102,114,124,132,138,144,143,154,154,154,154,
86,118,0.003769521,0,0,1,1,1,2,4,6,9,13,15,15,13,13,10,8,8,7,7,7,7,7,7,
87,119,0.712922173,0,0,0,0,0,0,0,19,19,19,19,38,42,58,109,317,528,708,747,692,792,881,971,
88,120,0.315659679,0,0,0,0,0,1,2,40,61,77,93,127,159,157,175,175,183,200,212,268,299,382,512,
89,121,0.013552069,0,0,0,0,0,0,0,8,9,14,17,19,19,19,19,19,19,19,19,19,19,19,19,
90,122,0.094606543,0,0,0,0,0,0,0,0,0,0,2,38,66,80,98,102,41,65,85,109,111,108,107,
92,124,0.413090909,0,0,0,0,0,0,0,0,2,6,10,58,67,105,107,134,202,241,274,325,419,507,568,
96,130,0.009894459,0,0,0,0,0,0,28,30,30,30,38,45,46,9,11,15,13,14,15,15,15,15,15,
97,131,0.252775406,0,0,0,0,0,0,0,0,0,4,29,60,73,84,145,205,207,206,289,261,266,277,296,
100,139,0.16076555,0,0,0,0,0,0,0,0,0,0,0,0,0,0,0,4,8,96,106,104,154,151,168,
101,143,0.109343936,0,0,0,0,0,0,0,0,0,0,0,21,17,17,17,18,127,140,156,98,107,105,110,
102,144,0.43800813,0,0,0,0,0,0,0,0,0,0,0,0,9,25,59,124,215,262,297,330,373,401,431,
104,146,0.018200202,0,0,0,0,0,0,0,0,0,0,0,2,4,49,117,186,290,368,432,488,317,323,18,
105,147,2.583418629,0,0,0,0,0,0,0,0,0,0,0,0,31,290,971,1413,2290,2779,2969,2278,2134,2377,2524,
106,148,0.018423746,0,0,0,0,0,0,0,0,0,0,0,0,20,11,18,26,39,39,39,48,46,20,18,
107,149,0.136270492,0,0,0,0,0,0,0,0,0,0,0,0,100,125,130,129,129,128,132,134,134,133,133,
108,425,0.069591528,0,0,0,0,0,0,0,0,0,0,0,0,0,0,0,24,30,36,36,36,38,41,46,
109,504,0.043478261,0,0,0,0,0,0,0,0,0,0,0,0,0,62,114,117,121,292,212,208,38,38,38,
110,561,0.036444444,0,0,0,0,0,0,0,0,0,0,3,22,28,31,28,28,28,37,41,41,41,41,41,
111,615,2.883859949,0,0,0,0,0,0,0,0,0,2,82,413,1010,1407,1556,1787,2053,186,202,420,1073,2355,3377,
112,744,0.023385301,0,0,0,0,0,0,0,0,0,0,0,0,18,33,39,70,33,22,21,21,21,21,21,
113,1270,0.147810219,0,0,0,0,0,0,0,0,0,0,40,47,74,96,115,151,182,218,125,123,155,180,162,
114,1389,1.504,0,0,0,0,0,0,0,0,0,0,0,0,0,0,490,617,733,840,1006,1029,1057,1107,1128,
116,1907,0.212195122,0,0,0,0,0,0,0,0,0,0,0,0,0,0,0,0,0,0,44,59,77,91,87,
120,2675,0.040955631,0,0,0,0,0,0,0,0,0,0,0,0,0,0,0,0,14,14,18,22,24,24,24,
123,3323,0.105193076,0,0,0,0,0,0,0,0,0,0,0,0,0,0,18,32,57,55,71,71,71,79,79,
124,3330,5.978723404,0,0,0,0,0,0,0,0,0,154,235,647,1013,1412,1764,2423,3026,4053,4450,5069,5463,6241,7025,
125,3607,0.420618557,0,0,0,0,0,0,0,0,0,0,0,0,7,19,43,81,157,194,254,289,371,409,408,
127,3897,0.082795699,0,0,0,0,0,0,0,0,0,0,0,0,9,34,58,65,69,69,69,68,69,76,77,
132,5127,0.102402023,0,0,0,0,0,0,0,0,0,0,0,0,0,0,14,18,21,16,20,25,41,66,81,
133,5210,0.028284672,0,0,0,0,0,0,0,0,0,0,0,8,16,23,25,26,35,37,37,38,38,38,31,
134,5293,0.010692464,0,0,0,0,0,1,2,2,2,2,4,12,19,23,19,21,21,26,30,18,24,19,21,
135,5340,0.031620553,0,0,0,0,0,0,0,0,0,0,0,0,0,0,18,21,22,39,38,23,20,21,24,
138,5768,0.047830923,0,0,0,0,0,0,0,0,0,0,0,0,15,34,38,40,41,44,44,43,43,43,43,
139,5803,0.057395144,0,0,0,0,0,0,0,0,0,0,0,0,0,0,0,0,0,7,8,10,14,24,26,
140,5881,0.28062249,7,21,29,47,53,62,67,76,98,154,258,386,470,549,591,687,825,653,785,860,946,956,559,
144,6594,0.460220995,0,0,0,0,0,0,0,0,0,0,0,0,0,59,95,160,192,274,360,450,544,705,833,
145,6631,0.471910112,0,0,0,0,0,0,0,0,0,0,0,0,0,0,0,0,0,0,0,0,0,41,42,
146,6739,0.026766595,0,0,0,0,0,0,0,0,0,0,0,0,3,2,6,7,12,14,20,20,22,23,25,
147,7165,0.181634712,0,0,0,0,0,0,0,0,0,0,0,0,15,24,24,39,79,102,128,147,158,169,180,
149,7181,0.021993127,0,0,0,0,0,0,3,6,7,14,14,17,16,22,23,43,130,224,266,268,233,27,32,
150,7676,0.157303371,0,0,0,0,0,0,0,0,0,0,0,0,0,0,0,0,0,0,0,0,0,12,14,
153,7960,0.133895131,0,0,0,0,0,0,0,0,0,0,0,16,29,26,30,32,34,26,39,85,123,130,143,
154,7963,0.508333333,0,0,0,0,0,0,0,0,0,0,0,0,0,0,0,0,0,0,0,0,52,120,122,
156,8212,0.012682927,0,0,0,0,0,0,0,0,0,0,0,18,24,21,17,27,24,39,31,13,13,13,13,
157,8214,0.039548023,0,0,0,0,0,0,0,0,0,0,0,0,0,0,0,15,6,10,16,17,19,23,28,
161,8742,2.031313819,0,0,0,0,0,0,148,495,889,1351,1846,2611,4237,6522,9574,6532,7858,8896,8943,9010,9017,2116,2984,
164,8934,0.017907634,0,0,0,0,0,0,0,0,0,0,0,3,6,6,11,14,14,16,17,17,17,19,19,
165,9427,0.0835604,0,0,0,0,0,0,0,0,0,0,1,65,107,105,106,123,182,74,91,92,92,92,92,
166,9634,0.197628459,0,0,0,0,0,0,0,0,0,0,0,13,36,40,42,65,96,127,156,166,160,187,200,
167,9719,0.060747664,0,0,0,0,0,0,0,0,0,0,9,10,18,34,37,37,38,0,0,0,0,0,0,
168,10027,0.03021148,0,0,0,0,0,0,0,0,0,0,0,3,6,14,13,11,18,22,22,21,28,26,30,
170,10465,0.010373444,0,0,0,0,0,0,0,0,0,0,0,0,21,21,23,24,22,23,23,20,22,21,10,
172,10592,0.047156727,0,0,0,0,0,0,0,0,0,0,0,0,0,0,18,24,20,23,30,34,34,34,34,
174,10619,0.181073703,0,0,0,0,0,0,0,0,0,0,20,26,45,44,53,98,127,150,152,167,194,197,199,
175,10722,0.047735618,0,0,0,0,0,0,0,0,0,0,0,0,0,19,21,30,25,31,36,37,39,39,39,
176,10887,0.09039548,0,0,0,0,0,0,0,0,0,0,0,0,0,0,0,0,20,23,24,25,38,46,48,
179,11298,0.766590389,0,0,0,0,0,0,0,0,0,0,0,0,0,21,31,42,36,193,219,228,204,305,670,
180,11328,0.311918063,0,0,0,0,0,0,0,0,0,0,0,22,37,58,91,86,114,198,236,240,338,335,335,
181,11446,0.068728522,0,0,0,0,0,0,0,0,0,0,0,0,0,12,24,34,38,43,47,48,48,54,60,
182,11671,0.611847922,0,0,0,0,0,0,0,0,0,0,389,453,470,471,497,542,635,668,693,692,692,692,692,
183,11827,0.389036251,0,0,0,0,0,0,0,0,0,0,0,0,0,0,0,1,1,1,6,6,438,439,440,
185,12274,0.59212051,0,0,0,0,0,0,0,0,0,0,0,0,0,16,22,29,43,65,111,129,228,356,511,
188,12639,0.107648725,0,0,0,0,0,0,0,0,0,0,0,0,0,0,0,53,53,53,53,62,63,76,76,
189,12810,0.141074856,0,0,0,0,0,0,0,0,0,0,0,8,12,23,26,37,51,56,63,75,87,120,147,
191,12975,0.784848485,0,0,0,0,0,0,0,0,119,205,214,224,261,606,610,633,641,920,946,964,978,992,1036,
192,13028,0.044378698,0,0,0,0,0,0,0,0,0,0,0,0,0,0,0,10,12,17,21,25,27,30,30,
193,13038,0.05375,0,0,0,0,0,0,0,0,0,0,0,0,0,0,13,12,12,14,0,11,12,29,43,
194,13328,0.057553957,0,0,0,0,0,0,0,0,0,0,0,0,0,0,0,15,15,27,24,25,28,33,40,
195,13382,0.021074816,0,0,0,0,0,0,0,0,0,0,0,0,20,19,19,19,19,19,19,19,19,20,20,
196,13507,0.38791423,0,0,0,0,0,0,0,0,0,0,0,14,43,33,67,77,172,193,269,296,349,359,398,
200,14504,0.411158798,0,0,0,0,0,0,0,0,0,0,1,1,1,1,1,61,87,111,135,164,248,351,479,
202,14731,0.054263566,0,0,0,0,0,0,0,0,0,0,0,15,20,27,23,23,28,41,31,42,45,49,56,
203,14995,0.218099548,0,0,0,0,0,0,0,0,0,0,10,21,32,46,62,85,143,162,173,173,215,227,241,
205,15287,0.051282051,0,0,0,0,0,0,0,0,0,0,0,0,0,0,0,18,23,22,20,24,26,32,36,
206,15437,0.911908646,0,0,0,0,0,0,0,0,0,0,0,0,0,0,0,0,187,188,219,219,314,386,559,
209,16213,0.125,0,0,0,0,0,0,0,0,0,0,0,0,0,0,0,0,0,0,0,0,0,14,16,
210,16493,0.046606705,0,0,0,0,0,0,0,0,0,0,5,9,44,142,105,108,111,112,104,53,56,77,57,
212,16662,0.053805774,0,0,0,0,0,0,0,0,0,0,0,0,0,0,32,31,31,34,31,36,41,41,41,
213,16902,0.028089888,0,0,0,0,0,0,0,0,0,0,0,14,16,18,19,26,27,25,25,25,25,0,0,
214,17017,0.195560254,0,0,0,0,0,0,0,0,0,0,0,0,177,185,185,185,185,185,185,185,185,185,185,
215,17146,0.001893939,0,0,0,0,0,0,0,0,0,0,0,0,0,0,0,0,6,11,6,8,0,0,0,
216,17341,0.00916497,0,0,0,0,0,0,0,0,0,0,0,0,17,27,32,42,47,48,49,49,27,27,9,
219,17556,0.005499542,0,0,0,0,0,0,0,0,0,0,8,10,6,6,6,6,6,6,6,6,6,6,6,
222,17884,0.160146699,0,0,0,0,0,0,0,0,0,0,0,0,0,17,17,22,29,44,66,71,101,119,131,
224,18147,0.025824964,0,0,0,0,0,0,0,0,0,0,0,0,0,0,0,13,13,14,16,17,18,19,18,
227,18370,0.123555556,0,0,0,0,0,0,0,0,0,0,0,0,28,31,83,123,139,153,142,136,138,140,139,
228,18488,0.069952305,0,0,0,0,0,0,0,0,0,0,0,0,0,0,0,6,6,7,10,50,21,20,44,
229,18501,0.034638554,0,0,0,0,0,0,0,0,0,0,0,0,0,0,0,19,20,22,32,31,24,24,23,
231,18699,0.181455633,0,0,0,0,0,0,0,0,0,0,0,12,50,48,53,49,65,92,108,129,129,170,182,
233,19061,0.008915305,0,0,0,0,0,0,0,0,0,0,0,0,0,0,0,4,8,3,4,6,4,5,6,
234,19539,0.015082956,0,0,0,0,0,0,0,0,0,0,0,0,0,0,0,25,25,21,19,20,40,22,10,
236,19708,2.686800895,0,0,0,0,0,0,0,0,0,0,0,0,0,0,0,0,0,1057,1107,1177,1186,1199,1201,
237,19765,1.317843866,0,0,0,0,0,0,0,0,0,0,0,163,323,431,645,773,631,701,875,1118,1300,1283,1418,
239,19880,0.007470651,0,0,0,0,0,0,0,0,0,0,0,0,11,14,9,19,24,24,24,24,7,7,7,
240,19915,0.070610687,0,0,0,0,0,0,0,0,0,0,0,0,0,5,1,2,2,2,71,72,72,74,74,
241,20363,0.121475054,0,0,0,0,0,0,0,0,0,0,0,0,6,11,16,26,35,35,53,88,103,109,112,
242,20532,0.114634146,0,0,0,0,0,0,0,0,0,0,0,0,0,18,28,36,39,53,54,62,65,79,94,
243,20533,0.182987141,0,0,0,0,0,0,0,0,0,0,0,2,6,6,9,18,11,88,85,98,174,174,185,
244,20547,1.284714119,0,0,0,0,0,0,0,0,0,0,0,0,0,15,121,307,610,750,971,1000,1033,1087,1101,
245,20557,0.005571031,0,0,0,0,0,0,0,0,0,0,0,7,10,11,13,11,11,6,6,6,6,6,6,
247,20770,0.222453223,0,0,0,0,0,0,0,0,0,0,0,0,0,0,0,0,0,54,81,93,97,100,107,
249,21021,0.149131767,0,0,0,0,0,0,0,0,0,0,0,0,0,0,12,60,62,68,74,89,102,120,146,
250,21119,0.020242915,0,0,0,0,0,0,0,0,0,0,0,5,14,17,17,20,20,20,20,20,20,20,20,
251,21281,0.390139336,0,0,0,0,0,0,0,0,0,0,0,0,17,35,42,50,72,126,188,246,253,314,364,
252,22711,0.131180626,0,0,0,0,0,0,0,0,0,0,0,10,19,34,51,71,96,110,121,134,118,123,130,
254,22758,0.036307054,0,0,0,0,0,0,0,0,0,0,0,0,35,35,35,35,35,35,35,35,35,35,35,
255,22762,0.038601602,0,0,0,0,0,0,0,1,36,81,714,1278,2009,2497,2743,397,266,755,118,171,144,70,53,
256,24681,0.023738872,0,0,0,0,0,0,0,0,0,0,0,0,0,0,0,0,0,0,0,12,12,12,8,
258,26657,0.04815864,0,0,0,0,0,0,0,0,0,0,0,0,0,0,0,0,0,0,11,12,13,14,17,
259,26983,0.011860638,0,0,0,0,0,0,0,0,14,15,16,16,16,16,16,16,16,16,16,16,16,16,16,
261,27123,0.017634855,0,0,0,0,0,0,0,0,0,0,0,0,12,14,14,14,14,14,16,17,17,17,17,
263,27190,0.006289308,0,0,0,0,0,0,0,0,0,0,0,0,0,0,0,0,0,0,0,0,0,3,1,
264,27358,0.05,0,0,0,0,0,0,0,0,0,0,0,0,0,0,0,0,0,0,0,0,7,6,9,
265,27598,0.031055901,0,0,0,0,0,0,0,0,0,0,0,0,0,0,0,0,0,12,20,20,14,15,15,
268,27963,0.014569536,0,0,0,0,0,0,0,0,0,0,0,0,0,0,13,12,12,11,11,11,11,11,11,
269,27990,0.018828452,0,0,0,0,0,0,0,0,0,0,0,0,7,14,16,18,18,18,18,18,18,18,18,
271,28261,0.102521008,0,0,0,0,0,0,0,0,0,0,0,0,0,0,0,0,16,24,32,41,56,65,61,
272,28323,0.479069767,0,0,0,0,0,0,0,0,0,0,0,0,0,0,0,0,0,0,4,78,163,202,206,
273,28558,3.307228916,0,0,0,0,0,0,0,0,0,0,0,0,0,0,0,0,0,0,0,137,355,847,1098,
275,28704,0.021551724,0,0,0,0,0,0,0,0,0,0,0,0,1,1,5,9,14,16,20,29,20,20,20,
276,28755,0.028697572,0,0,0,0,0,0,0,0,0,0,0,0,20,22,20,23,30,32,32,29,26,26,26,
278,28966,0.031952663,0,0,0,0,0,0,0,0,0,0,0,0,0,17,16,19,30,32,28,28,28,27,27,
279,28987,0.072869955,0,0,0,0,0,0,0,0,0,0,0,0,0,3,4,6,42,43,70,65,65,65,65,
281,29547,0.094017094,0,0,0,0,0,0,0,0,0,0,0,0,0,0,0,0,0,0,0,0,22,22,22,
282,29548,0.15323496,0,0,0,0,0,0,0,0,0,0,0,0,0,41,106,135,134,139,136,136,135,135,135,
283,29752,0.070357555,0,0,0,0,0,0,0,0,0,0,0,0,0,19,32,42,63,61,70,74,73,60,61,
284,29942,0.05,0,0,0,0,0,0,0,0,0,0,0,0,0,0,0,0,0,14,26,26,26,26,26,
285,29992,0.027166882,0,0,0,0,0,0,0,0,0,0,0,0,0,0,10,18,20,26,21,21,21,21,21,
286,30091,0.040618956,0,0,0,0,0,0,0,0,0,0,0,0,0,0,0,0,0,19,21,21,21,21,21,
287,30270,0.08045977,0,0,0,0,0,0,0,0,0,0,0,0,0,0,0,0,0,0,0,0,11,11,14,
288,30452,0.050541516,0,0,0,0,0,0,0,0,0,0,0,0,0,0,0,0,0,0,0,13,13,14,14,
290,31048,0.061538462,0,0,0,0,0,0,0,0,0,0,0,0,0,16,30,51,49,52,50,45,50,48,52,
291,31232,0.068825911,0,0,0,0,0,0,0,0,0,0,0,0,0,0,16,16,20,23,24,19,33,42,51,
292,31254,37.55643341,0,0,0,0,0,0,0,0,0,0,0,0,0,0,41,2601,10313,16654,21126,23134,29614,30095,33275,
295,31550,0.008343266,0,0,0,0,0,0,0,0,0,0,0,0,0,7,2,4,4,7,7,8,8,7,7,
296,31713,0.064334086,0,0,0,0,0,0,0,0,0,0,0,0,0,44,61,65,78,72,62,57,57,57,57,
297,31887,0.030104712,0,0,0,0,0,0,0,0,0,0,0,0,0,0,11,15,15,16,20,23,23,23,23,
299,32504,0.296382731,0,0,0,0,0,0,0,0,0,0,0,0,0,10,30,60,79,264,267,274,298,299,254,
300,32908,0.019498607,0,0,0,0,0,0,0,0,0,0,0,0,0,0,11,13,14,18,14,14,14,14,14,
301,33222,0.47146402,0,0,0,0,0,0,0,0,0,0,0,0,0,6,35,127,217,259,307,358,362,367,380,
302,33364,0.083844581,0,0,0,0,0,0,0,0,0,0,0,0,0,0,0,0,0,14,15,16,39,38,41,
303,33401,0.008012821,0,0,0,0,0,0,0,0,0,0,0,0,0,2,13,14,8,8,5,5,0,0,0,
304,33444,0.143084261,0,0,0,0,0,0,0,0,0,0,0,0,0,0,0,14,33,54,25,56,54,81,90,
305,33588,0.127845884,0,0,0,0,0,0,0,0,0,0,0,0,0,0,0,0,18,19,34,41,54,80,73,
306,33751,0.056220096,0,0,0,0,0,0,0,0,0,0,0,0,0,15,30,37,37,43,41,48,46,47,47,
307,33758,0.118584071,0,0,0,0,0,0,0,0,0,0,0,0,0,0,0,0,13,36,39,45,65,64,67,
308,33829,0.016706444,0,0,0,0,0,0,0,0,0,0,0,0,0,9,11,14,14,15,15,19,14,14,14,
310,34365,0.190358467,0,0,0,0,0,0,0,0,0,0,0,0,0,1,2,2,4,4,6,40,46,99,154,
311,34418,5.286831812,0,0,0,0,0,0,0,0,0,0,0,0,0,0,1362,3895,3938,3978,4000,4018,4047,4054,4055,
312,34739,0.101204819,0,0,0,0,0,0,0,0,0,0,0,0,0,0,0,0,0,0,40,40,41,42,42,
313,34921,0.041533546,0,0,0,0,0,0,0,0,0,0,0,0,0,0,0,0,0,0,0,13,9,12,13,
314,35193,0.242962963,0,0,0,0,0,0,0,0,0,0,0,0,0,0,0,32,131,153,160,161,167,170,164,
315,35857,0.083150985,0,0,0,0,0,0,0,0,0,0,0,0,0,0,0,0,0,21,27,27,27,25,38,
316,35865,0.047473201,0,0,0,0,0,0,0,0,0,0,0,0,0,0,0,15,22,25,27,28,27,30,31,
317,36004,0.081771721,0,0,0,0,0,0,0,0,0,0,0,0,0,0,0,0,22,28,21,21,32,40,48,
319,36322,0.002484472,0,0,0,0,0,0,0,0,0,0,0,0,0,1,2,2,2,2,2,2,2,2,2,
321,36619,0.212311558,0,0,0,0,0,0,0,0,0,0,0,0,0,0,68,168,239,242,261,254,187,240,169,
322,36967,0.079207921,0,0,0,0,0,0,0,0,0,0,0,0,0,0,0,0,15,37,45,44,44,45,48,
323,37033,0.064162754,0,0,0,0,0,0,0,0,0,0,0,0,0,0,0,10,17,22,26,29,34,36,41,
324,37042,0.054054054,0,0,0,0,0,0,0,0,0,0,0,0,0,0,0,0,0,0,0,0,0,41,44,
325,37266,0.560379919,0,0,0,0,0,0,0,0,0,0,0,0,0,0,75,120,215,288,323,377,383,391,413,
326,37360,1.006896552,0,0,0,0,0,0,0,0,0,0,0,0,0,0,4,39,106,212,318,404,512,637,730,
327,37755,0.202479339,0,0,0,0,0,0,0,0,0,0,0,0,0,0,0,0,0,0,0,0,30,48,49,
328,37768,0.097560976,0,0,0,0,0,0,0,0,0,0,0,0,0,0,21,11,12,19,34,33,51,57,76,
329,37784,0.606676343,0,0,0,0,0,0,0,0,0,0,0,0,0,0,0,20,39,64,167,362,432,442,418,
330,38003,0.04520548,0,0,0,0,0,0,0,0,0,0,0,0,0,0,4,17,25,27,18,24,20,28,33,
331,38160,0.058614565,0,0,0,0,0,0,0,0,0,0,0,0,0,0,0,0,12,12,14,14,15,32,33,
332,38202,0.104725415,0,0,0,0,0,0,0,0,0,0,0,0,0,0,6,7,13,17,29,48,45,62,82,
333,38322,0.166153846,0,0,0,0,0,0,0,0,0,0,0,0,0,0,0,23,493,560,562,565,103,101,108,
334,38345,0.04576659,0,0,0,0,0,0,0,0,0,0,0,0,0,0,0,0,0,0,13,20,20,20,20,
335,38399,0.137524558,0,0,0,0,0,0,0,0,0,0,0,0,0,0,0,0,0,17,23,47,50,60,70,
336,38582,0.371014493,0,0,0,0,0,0,0,0,0,0,0,0,0,0,0,0,0,0,0,76,73,125,128,
337,38633,0.164102564,0,0,0,0,0,0,0,0,0,0,0,0,0,0,0,0,0,0,0,0,21,32,32,
338,39255,0.029806259,0,0,0,0,0,0,0,0,0,0,0,0,0,0,0,13,16,17,17,20,20,20,20,
339,39447,0.01986755,0,0,0,0,0,0,0,0,0,0,0,0,0,0,7,24,29,41,22,15,15,15,15,
340,39527,0.836713996,0,0,0,0,0,0,0,0,0,0,0,0,0,0,20,171,246,419,580,656,790,805,825,
341,40228,0.074074074,0,0,0,0,0,0,0,0,0,0,0,0,0,0,0,0,0,0,0,0,0,0,4,
344,41254,0.014569536,0,0,0,0,0,0,0,0,0,0,0,0,0,0,6,6,10,11,11,11,11,11,11,
346,42538,0.020050125,0,0,0,0,0,0,0,0,0,0,0,0,0,0,0,6,8,8,8,0,0,0,0,
349,43306,0.542857143,0,0,0,0,0,0,0,0,0,0,0,0,0,0,71,425,425,424,424,424,424,424,399,
350,52732,0.443585781,0,0,0,0,0,0,0,0,0,0,0,0,0,0,0,40,50,47,104,151,205,281,287,
351,53461,0.035222052,0,0,0,0,0,0,0,0,0,0,0,0,0,0,0,11,14,5,8,16,16,16,23,
352,53467,0.035816619,0,0,0,0,0,0,0,0,0,0,0,0,0,0,0,25,25,25,25,25,25,25,25,
354,54143,0.084795322,0,0,0,0,0,0,0,0,0,0,0,0,0,0,0,2,6,7,8,17,65,63,58,
355,54492,0.281329923,0,0,0,0,0,0,0,0,0,0,0,0,0,0,0,0,0,0,8,41,74,106,110,
357,54862,0.01980198,0,0,0,0,0,0,0,0,0,0,0,0,0,0,0,0,0,0,0,0,2,3,4,
358,55735,0.200772201,0,0,0,0,0,0,0,0,0,0,0,0,0,0,0,0,0,0,0,18,26,29,52,
359,55977,0.515195369,0,0,0,0,0,0,0,0,0,0,0,0,0,0,0,141,247,315,371,406,373,385,356,
360,56049,0.278901734,0,0,0,0,0,0,0,0,0,0,0,0,0,0,0,38,41,51,39,95,158,165,193,
361,56504,0.065068493,0,0,0,0,0,0,0,0,0,0,0,0,0,0,0,0,0,0,0,15,20,17,19,
362,57004,0.122047244,0,0,0,0,0,0,0,0,0,0,0,0,0,0,0,0,0,27,31,46,55,57,62,
364,57394,0.371340524,0,0,0,0,0,0,0,0,0,0,0,0,0,0,0,6,214,213,211,213,210,238,241,
366,58014,0.087378641,0,0,0,0,0,0,0,0,0,0,0,0,0,0,0,0,0,0,0,0,16,17,18,
368,58167,0.014814815,0,0,0,0,0,0,0,0,0,0,0,0,0,0,0,4,1,2,2,2,2,10,10,
369,58184,0.198804185,0,0,0,0,0,0,0,0,0,0,0,0,0,0,0,34,100,113,215,215,216,131,133,
370,58405,0.967280164,0,0,0,0,0,0,0,0,0,0,0,0,0,0,0,0,0,40,176,248,372,456,473,
371,58407,0.259187621,0,0,0,0,0,0,0,0,0,0,0,0,0,0,0,0,0,39,52,55,76,122,134,
372,58523,0.138666667,0,0,0,0,0,0,0,0,0,0,0,0,0,0,0,0,0,0,8,27,28,46,52,
373,59139,0.109704641,0,0,0,0,0,0,0,0,0,0,0,0,0,0,0,0,0,0,0,0,21,23,26,
375,66630,0.131849315,0,0,0,0,0,0,0,0,0,0,0,0,0,0,0,0,34,51,61,62,72,75,77,
376,86462,0.075949367,0,0,0,0,0,0,0,0,0,0,0,0,0,0,0,0,0,0,34,34,33,30,30,
381,105423,0.040780142,0,0,0,0,0,0,0,0,0,0,0,0,0,0,0,0,16,20,20,21,21,22,23,
382,105433,2.364329268,0,0,0,0,0,0,0,0,0,0,0,0,0,0,0,15,691,1092,1147,1322,1293,1319,1551,
384,106329,0.081705151,0,0,0,0,0,0,0,0,0,0,0,0,0,0,0,0,17,23,33,29,40,40,46,
385,106741,0.043545879,0,0,0,0,0,0,0,0,0,0,0,0,0,0,0,10,21,21,35,34,34,28,28,
387,106766,0.059753954,0,0,0,0,0,0,0,0,0,0,0,0,0,0,0,0,6,17,26,32,34,26,34,
388,107254,0.898756661,0,0,0,0,0,0,0,0,0,0,0,0,0,0,0,0,17,58,80,158,264,387,506,
389,108138,0.300955414,0,0,0,0,0,0,0,0,0,0,0,0,0,0,0,0,33,40,41,56,101,100,189,
390,108151,0.024761905,0,0,0,0,0,0,0,0,0,0,0,0,0,0,0,0,0,16,17,17,17,14,13,
391,108173,0.381918819,0,0,0,0,0,0,0,0,0,0,0,0,0,0,0,0,15,29,45,170,213,207,207,
394,108967,0.252019386,0,0,0,0,0,0,0,0,0,0,0,0,0,0,0,0,50,48,82,83,175,156,156,
395,108987,0.141176471,0,0,0,0,0,0,0,0,0,0,0,0,0,0,0,0,0,17,17,23,29,72,72,
396,109311,0.050167224,0,0,0,0,0,0,0,0,0,0,0,0,0,0,0,0,62,99,128,131,27,31,30,
397,109462,0.092307692,0,0,0,0,0,0,0,0,0,0,0,0,0,0,0,0,0,18,24,34,38,45,48,
398,109804,0.550600343,0,0,0,0,0,0,0,0,0,0,0,0,0,0,0,0,153,298,234,275,377,387,321,
399,110149,0.985294118,0,0,0,0,0,0,0,0,0,0,0,0,0,0,0,0,0,0,35,125,362,396,603,
400,110468,0.176100629,0,0,0,0,0,0,0,0,0,0,0,0,0,0,0,0,0,22,22,23,33,84,84,
401,110866,0.218543046,0,0,0,0,0,0,0,0,0,0,0,0,0,0,0,0,0,0,0,0,0,26,33,
402,111573,0.100854701,0,0,0,0,0,0,0,0,0,0,0,0,0,0,0,0,4,29,47,53,57,64,59,
403,111580,0.027210884,0,0,0,0,0,0,0,0,0,0,0,0,0,0,0,0,4,8,12,0,0,0,0,
404,112073,2.893884892,0,0,0,0,0,0,0,0,0,0,0,0,0,0,0,0,1409,1654,1843,2104,2208,2378,1609,
405,112151,0.053497942,0,0,0,0,0,0,0,0,0,0,0,0,0,0,0,0,0,18,18,18,19,18,26,
408,112972,0.021857924,0,0,0,0,0,0,0,0,0,0,0,0,0,0,0,0,2,12,12,12,12,12,12,
409,113029,1.38556338,0,0,0,0,0,0,0,0,0,0,0,0,0,0,0,0,2,2,2,81,418,633,787,
410,113734,0.083984375,0,0,0,0,0,0,0,0,0,0,0,0,0,0,0,0,0,21,23,24,32,38,43,
414,115469,0.036893204,0,0,0,0,0,0,0,0,0,0,0,0,0,0,0,0,0,15,9,14,19,19,19,
415,115660,0.074534162,0,0,0,0,0,0,0,0,0,0,0,0,0,0,0,0,0,0,0,0,0,13,12,
416,115962,0.095238095,0,0,0,0,0,0,0,0,0,0,0,0,0,0,0,0,5,13,22,23,32,41,52,
417,116055,0.037735849,0,0,0,0,0,0,0,0,0,0,0,0,0,0,0,0,0,46,48,59,20,20,20,
419,116195,0.028708134,0,0,0,0,0,0,0,0,0,0,0,0,0,0,0,0,0,0,11,12,12,12,12,
420,116305,1.110539846,0,0,0,0,0,0,0,0,0,0,0,0,0,0,0,0,0,0,22,62,150,316,432,
421,116810,0.029795158,0,0,0,0,0,0,0,0,0,0,0,0,0,0,0,0,12,18,15,16,16,16,16,
422,117109,0.040322581,0,0,0,0,0,0,0,0,0,0,0,0,0,0,0,0,0,19,22,22,20,20,20,
424,117438,1.469135803,0,0,0,0,0,0,0,0,0,0,0,0,0,0,0,0,0,0,31,90,380,641,595,
425,117589,0.074204947,0,0,0,0,0,0,0,0,0,0,0,0,0,0,0,0,0,0,0,12,20,19,21,
426,117628,0.014613779,0,0,0,0,0,0,0,0,0,0,0,0,0,0,0,0,0,5,5,2,2,7,7,
427,118131,0.030516432,0,0,0,0,0,0,0,0,0,0,0,0,0,0,0,0,0,0,12,11,12,12,13,
428,118518,0.098684211,0,0,0,0,0,0,0,0,0,0,0,0,0,0,0,0,0,0,0,10,22,24,30,
429,119514,0.082872928,0,0,0,0,0,0,0,0,0,0,0,0,0,0,0,0,0,0,0,0,13,13,15,
430,119534,0.066176471,0,0,0,0,0,0,0,0,0,0,0,0,0,0,0,0,0,0,0,0,0,8,9,
431,120141,0.453798768,0,0,0,0,0,0,0,0,0,0,0,0,0,0,0,0,0,8,30,69,139,222,221,
433,120692,0.014112903,0,0,0,0,0,0,0,0,0,0,0,0,0,0,0,0,0,6,7,7,7,7,7,
434,120750,0.04415011,0,0,0,0,0,0,0,0,0,0,0,0,0,0,0,0,0,11,15,17,19,19,20,
435,121380,0.038812785,0,0,0,0,0,0,0,0,0,0,0,0,0,0,0,0,0,0,19,15,15,15,17,
436,122011,0.114427861,0,0,0,0,0,0,0,0,0,0,0,0,0,0,0,0,0,0,0,0,15,19,23,
438,122417,0.09263658,0,0,0,0,0,0,0,0,0,0,0,0,0,0,0,0,0,0,11,17,22,32,39,
439,122676,0.054852321,0,0,0,0,0,0,0,0,0,0,0,0,0,0,0,0,0,3,18,23,23,26,26,
440,123023,0.056234719,0,0,0,0,0,0,0,0,0,0,0,0,0,0,0,0,0,0,18,24,26,41,23,
441,124841,0.543283582,0,0,0,0,0,0,0,0,0,0,0,0,0,0,0,0,0,0,0,47,132,172,182,
442,126107,2.368231047,0,0,0,0,0,0,0,0,0,0,0,0,0,0,0,0,0,0,0,30,137,384,656,
443,126117,0.070539419,0,0,0,0,0,0,0,0,0,0,0,0,0,0,0,0,0,0,0,0,12,13,17,
444,126366,0.036117382,0,0,0,0,0,0,0,0,0,0,0,0,0,0,0,0,0,7,10,12,14,14,16,
446,127435,0.080924856,0,0,0,0,0,0,0,0,0,0,0,0,0,0,0,0,0,0,0,0,11,13,14,
447,128035,2.006849315,0,0,0,0,0,0,0,0,0,0,0,0,0,0,0,0,0,0,0,0,0,89,293,
448,128098,0.030864198,0,0,0,0,0,0,0,0,0,0,0,0,0,0,0,0,0,0,0,16,10,8,10,
449,128491,0.040572792,0,0,0,0,0,0,0,0,0,0,0,0,0,0,0,0,0,0,12,16,17,17,17,
450,129008,0.094202899,0,0,0,0,0,0,0,0,0,0,0,0,0,0,0,0,0,0,0,0,0,13,13,
451,129795,0.227488152,0,0,0,0,0,0,0,0,0,0,0,0,0,0,0,0,0,0,38,40,66,73,96,
452,130004,0.538461539,0,0,0,0,0,0,0,0,0,0,0,0,0,0,0,0,0,0,0,0,0,0,14,
453,130018,0.129337539,0,0,0,0,0,0,0,0,0,0,0,0,0,0,0,0,0,0,0,20,23,37,41,
454,130112,0.042682927,0,0,0,0,0,0,0,0,0,0,0,0,0,0,0,0,0,0,0,0,0,10,7,
455,130226,0.172131148,0,0,0,0,0,0,0,0,0,0,0,0,0,0,0,0,0,0,0,0,0,14,21,
456,131990,0.118644068,0,0,0,0,0,0,0,0,0,0,0,0,0,0,0,0,0,0,0,0,6,7,28,
457,132324,0.22962963,0,0,0,0,0,0,0,0,0,0,0,0,0,0,0,0,0,0,40,47,63,88,93,
458,134524,0.307420495,0,0,0,0,0,0,0,0,0,0,0,0,0,0,0,0,0,0,0,5,69,83,87,
460,135260,0.028225807,0,0,0,0,0,0,0,0,0,0,0,0,0,0,0,0,0,0,0,0,10,7,7,
461,135323,0.057324841,0,0,0,0,0,0,0,0,0,0,0,0,0,0,0,0,0,0,0,16,16,16,18,
462,136765,0.134615385,0,0,0,0,0,0,0,0,0,0,0,0,0,0,0,0,0,0,0,0,0,21,21,
463,136976,0.355555556,0,0,0,0,0,0,0,0,0,0,0,0,0,0,0,0,0,0,0,0,7,23,80,
464,138301,0.207756233,0,0,0,0,0,0,0,0,0,0,0,0,0,0,0,0,0,0,0,27,35,59,75,
465,138362,0.321428571,0,0,0,0,0,0,0,0,0,0,0,0,0,0,0,0,0,0,0,0,0,27,27,
466,139181,0.087301587,0,0,0,0,0,0,0,0,0,0,0,0,0,0,0,0,0,0,0,0,16,22,22,
467,139510,0.195402299,0,0,0,0,0,0,0,0,0,0,0,0,0,0,0,0,0,0,0,0,18,25,34,
468,139914,0.286144578,0,0,0,0,0,0,0,0,0,0,0,0,0,0,0,0,0,0,0,51,63,66,95,
469,140925,0.127118644,0,0,0,0,0,0,0,0,0,0,0,0,0,0,0,0,0,0,0,0,13,21,30,
470,141283,3.342182891,0,0,0,0,0,0,0,0,0,0,0,0,0,0,0,0,0,0,0,0,494,598,1133,
471,141367,0.516304348,0,0,0,0,0,0,0,0,0,0,0,0,0,0,0,0,0,0,0,0,0,77,95,
472,141729,0.028938907,0,0,0,0,0,0,0,0,0,0,0,0,0,0,0,0,0,0,0,20,20,9,9,
473,143016,0.543726236,0,0,0,0,0,0,0,0,0,0,0,0,0,0,0,0,0,0,0,10,62,127,143,
474,143032,0.187772926,0,0,0,0,0,0,0,0,0,0,0,0,0,0,0,0,0,0,0,0,59,63,43,
475,143283,0.053003534,0,0,0,0,0,0,0,0,0,0,0,0,0,0,0,0,0,0,0,1,14,15,15,
476,144035,0.051401869,0,0,0,0,0,0,0,0,0,0,0,0,0,0,0,0,0,0,0,0,10,11,11,
477,144487,0.858369099,0,0,0,0,0,0,0,0,0,0,0,0,0,0,0,0,0,0,0,0,44,131,200,
478,145304,0.358870968,0,0,0,0,0,0,0,0,0,0,0,0,0,0,0,0,0,0,0,0,69,88,89,
479,145452,4.026022305,0,0,0,0,0,0,0,0,0,0,0,0,0,0,0,0,0,0,0,4,10,36,1083,
480,145519,2,0,0,0,0,0,0,0,0,0,0,0,0,0,0,0,0,0,0,0,0,0,0,52,
481,145954,0.064102564,0,0,0,0,0,0,0,0,0,0,0,0,0,0,0,0,0,0,0,0,8,9,15,
482,146296,0.171052632,0,0,0,0,0,0,0,0,0,0,0,0,0,0,0,0,0,0,0,0,0,5,13,
483,146525,0.0472103,0,0,0,0,0,0,0,0,0,0,0,0,0,0,0,0,0,0,0,0,4,6,11,
484,146905,0.392156863,0,0,0,0,0,0,0,0,0,0,0,0,0,0,0,0,0,0,0,0,40,76,100,
485,147168,0.841025641,0,0,0,0,0,0,0,0,0,0,0,0,0,0,0,0,0,0,0,0,81,142,164,
486,147352,0.290909091,0,0,0,0,0,0,0,0,0,0,0,0,0,0,0,0,0,0,0,0,0,31,32,
487,147540,0.199095023,0,0,0,0,0,0,0,0,0,0,0,0,0,0,0,0,0,0,0,0,15,33,44,
488,147869,4.533568905,0,0,0,0,0,0,0,0,0,0,0,0,0,0,0,0,0,0,0,7,356,861,1283,
489,148041,1.644628099,0,0,0,0,0,0,0,0,0,0,0,0,0,0,0,0,0,0,0,0,0,199,199,
490,149099,0.183168317,0,0,0,0,0,0,0,0,0,0,0,0,0,0,0,0,0,0,0,0,25,26,37,
491,149382,0.152173913,0,0,0,0,0,0,0,0,0,0,0,0,0,0,0,0,0,0,0,0,0,21,21,
492,149712,0.205882353,0,0,0,0,0,0,0,0,0,0,0,0,0,0,0,0,0,0,0,0,0,0,14,
493,151458,0.050387597,0,0,0,0,0,0,0,0,0,0,0,0,0,0,0,0,0,0,0,8,10,10,13,
494,151997,0.264705882,0,0,0,0,0,0,0,0,0,0,0,0,0,0,0,0,0,0,0,0,0,0,18,
495,153145,0.098837209,0,0,0,0,0,0,0,0,0,0,0,0,0,0,0,0,0,0,0,0,13,13,17,
496,153176,0.830645161,0,0,0,0,0,0,0,0,0,0,0,0,0,0,0,0,0,0,0,0,171,189,206,
497,153848,0.12745098,0,0,0,0,0,0,0,0,0,0,0,0,0,0,0,0,0,0,0,0,0,6,13,
498,154017,0.015544042,0,0,0,0,0,0,0,0,0,0,0,0,0,0,0,0,0,0,0,0,3,3,3,
499,154195,0.128,0,0,0,0,0,0,0,0,0,0,0,0,0,0,0,0,0,0,0,0,0,14,16,
500,154350,0.069868996,0,0,0,0,0,0,0,0,0,0,0,0,0,0,0,0,0,0,0,0,12,16,16,
501,154845,0.161016949,0,0,0,0,0,0,0,0,0,0,0,0,0,0,0,0,0,0,0,0,27,32,38,
502,155615,0.212264151,0,0,0,0,0,0,0,0,0,0,0,0,0,0,0,0,0,0,0,0,43,44,45,
503,155869,0.291666667,0,0,0,0,0,0,0,0,0,0,0,0,0,0,0,0,0,0,0,0,0,27,42,
504,156461,0.433333333,0,0,0,0,0,0,0,0,0,0,0,0,0,0,0,0,0,0,0,0,0,0,13,
506,158348,0.133333333,0,0,0,0,0,0,0,0,0,0,0,0,0,0,0,0,0,0,0,0,0,11,12,
508,158599,0.394117647,0,0,0,0,0,0,0,0,0,0,0,0,0,0,0,0,0,0,0,0,61,65,67,
509,158732,0.253333333,0,0,0,0,0,0,0,0,0,0,0,0,0,0,0,0,0,0,0,0,0,23,38,
510,159701,1.789473684,0,0,0,0,0,0,0,0,0,0,0,0,0,0,0,0,0,0,0,0,0,0,34,
511,159853,0.102564103,0,0,0,0,0,0,0,0,0,0,0,0,0,0,0,0,0,0,0,0,0,16,16,
512,160012,0.508196721,0,0,0,0,0,0,0,0,0,0,0,0,0,0,0,0,0,0,0,0,0,0,31,
513,161045,0.26,0,0,0,0,0,0,0,0,0,0,0,0,0,0,0,0,0,0,0,0,0,36,39,
514,161257,0.005524862,0,0,0,0,0,0,0,0,0,0,0,0,0,0,0,0,0,0,0,0,1,1,1,
515,161764,0.705882353,0,0,0,0,0,0,0,0,0,0,0,0,0,0,0,0,0,0,0,0,0,10,72,
516,161792,0.151898734,0,0,0,0,0,0,0,0,0,0,0,0,0,0,0,0,0,0,0,0,0,17,24,
517,161983,21.49101796,0,0,0,0,0,0,0,0,0,0,0,0,0,0,0,0,0,0,0,0,11,2258,3589,
518,162099,0.794520548,0,0,0,0,0,0,0,0,0,0,0,0,0,0,0,0,0,0,0,0,0,39,58,
519,163081,0.157894737,0,0,0,0,0,0,0,0,0,0,0,0,0,0,0,0,0,0,0,0,0,7,12,
520,163502,0.028735632,0,0,0,0,0,0,0,0,0,0,0,0,0,0,0,0,0,0,0,0,3,3,5,
521,164111,1.916666667,0,0,0,0,0,0,0,0,0,0,0,0,0,0,0,0,0,0,0,0,0,0,92,
522,165020,0.520833333,0,0,0,0,0,0,0,0,0,0,0,0,0,0,0,0,0,0,0,0,0,58,75,
523,165133,0.333333333,0,0,0,0,0,0,0,0,0,0,0,0,0,0,0,0,0,0,0,0,0,0,20,
524,165232,0.615384615,0,0,0,0,0,0,0,0,0,0,0,0,0,0,0,0,0,0,0,0,0,0,16,
525,165812,0.288135593,0,0,0,0,0,0,0,0,0,0,0,0,0,0,0,0,0,0,0,0,0,0,17,
526,167548,0.234375,0,0,0,0,0,0,0,0,0,0,0,0,0,0,0,0,0,0,0,0,0,0,15,
527,168123,0.461538462,0,0,0,0,0,0,0,0,0,0,0,0,0,0,0,0,0,0,0,0,0,0,12,
528,168368,0.205673759,0,0,0,0,0,0,0,0,0,0,0,0,0,0,0,0,0,0,0,0,0,29,29,
529,169885,0.597014925,0,0,0,0,0,0,0,0,0,0,0,0,0,0,0,0,0,0,0,0,0,0,40,
530,169909,0.123076923,0,0,0,0,0,0,0,0,0,0,0,0,0,0,0,0,0,0,0,0,0,14,16,
531,170961,2.983606557,0,0,0,0,0,0,0,0,0,0,0,0,0,0,0,0,0,0,0,0,0,0,182,
532,172015,0.051282051,0,0,0,0,0,0,0,0,0,0,0,0,0,0,0,0,0,0,0,0,0,2,6,
533,172351,0.08490566,0,0,0,0,0,0,0,0,0,0,0,0,0,0,0,0,0,0,0,0,0,5,9,
534,173175,0.009090909,0,0,0,0,0,0,0,0,0,0,0,0,0,0,0,0,0,0,0,0,0,0,1,
535,178729,0.492753623,0,0,0,0,0,0,0,0,0,0,0,0,0,0,0,0,0,0,0,0,0,0,34,
536,179120,0.093333333,0,0,0,0,0,0,0,0,0,0,0,0,0,0,0,0,0,0,0,0,0,2,7,
537,179797,0.475409836,0,0,0,0,0,0,0,0,0,0,0,0,0,0,0,0,0,0,0,0,0,0,29,
538,179945,0.373333333,0,0,0,0,0,0,0,0,0,0,0,0,0,0,0,0,0,0,0,0,0,1,28,
539,181590,0.264705882,0,0,0,0,0,0,0,0,0,0,0,0,0,0,0,0,0,0,0,0,0,0,18,
540,182860,5,0,0,0,0,0,0,0,0,0,0,0,0,0,0,0,0,0,0,0,0,0,0,30,
541,183080,0.931818182,0,0,0,0,0,0,0,0,0,0,0,0,0,0,0,0,0,0,0,0,0,0,41,
542,184496,2.580645161,0,0,0,0,0,0,0,0,0,0,0,0,0,0,0,0,0,0,0,0,0,0,80,
543,184865,7.066666667,0,0,0,0,0,0,0,0,0,0,0,0,0,0,0,0,0,0,0,0,0,0,212,
544,184878,2.547169811,0,0,0,0,0,0,0,0,0,0,0,0,0,0,0,0,0,0,0,0,0,0,135,
545,185019,0.36,0,0,0,0,0,0,0,0,0,0,0,0,0,0,0,0,0,0,0,0,0,0,9,
546,185110,1.35,0,0,0,0,0,0,0,0,0,0,0,0,0,0,0,0,0,0,0,0,0,0,54,
547,186114,0.355555556,0,0,0,0,0,0,0,0,0,0,0,0,0,0,0,0,0,0,0,0,0,0,16,
548,187217,0.03125,0,0,0,0,0,0,0,0,0,0,0,0,0,0,0,0,0,0,0,0,0,0,1,
549,188214,0.666666667,0,0,0,0,0,0,0,0,0,0,0,0,0,0,0,0,0,0,0,0,0,0,2,
551,189312,0.130434783,0,0,0,0,0,0,0,0,0,0,0,0,0,0,0,0,0,0,0,0,0,0,3,
552,189790,4.666666667,0,0,0,0,0,0,0,0,0,0,0,0,0,0,0,0,0,0,0,0,0,0,28,
553,191354,0.090909091,0,0,0,0,0,0,0,0,0,0,0,0,0,0,0,0,0,0,0,0,0,0,1,
554,192051,1.25,0,0,0,0,0,0,0,0,0,0,0,0,0,0,0,0,0,0,0,0,0,0,5,