org_id,start_date,churn_date,age,base_growth,common_base_growth,2016,2017,2018,2019,2020,2021
7,4/14/16,,none,0.292951542,0.411389206,6,68,225,432,458,532
9,3/6/18,,none,1.951111111,0.411389206,0,0,222,918,1695,2195
10,11/3/17,2/19/19,473,0.042372881,0.411389206,0,0,20,0,0,0
11,8/29/17,1/10/19,499,0.008032129,0.411389206,0,2,4,0,0,0
13,6/29/16,5/21/19,1056,0.011374408,0.411389206,6,37,47,0,0,0
15,6/29/16,,none,0.456321839,0.411389206,0,45,74,310,650,794
16,2/21/18,,none,0.072056239,0.411389206,0,0,39,61,81,82
17,1/31/18,,none,0.041415013,0.411389206,0,0,34,48,48,48
18,3/12/18,7/30/20,871,0.186206897,0.411389206,0,0,59,138,0,0
22,2/20/18,5/31/18,100,0.212121212,0.411389206,0,0,0,0,0,0
23,7/18/17,,none,0.02631579,0.411389206,0,19,22,25,0,0
24,11/10/17,,none,0.065269944,0.411389206,0,0,50,71,81,81
26,11/17/16,11/17/17,365,0.024725275,0.411389206,0,9,0,0,0,0
27,3/6/18,,none,0.001777778,0.411389206,0,0,34,31,58,2
28,8/16/17,,none,0.020346647,0.411389206,0,0,7,9,5,27
30,2/7/18,7/2/19,510,0.029469548,0.411389206,0,0,25,0,0,0
31,5/9/17,,none,0.014025245,0.411389206,0,18,68,30,23,20
32,5/1/17,,none,0.175732218,0.411389206,0,169,731,578,192,252
34,2/14/17,10/14/19,972,0.032955716,0.411389206,0,36,31,0,0,0
35,10/17/17,,none,0.045059289,0.411389206,0,4,57,57,57,57
36,12/7/17,,none,0.065897858,0.411389206,0,0,23,29,39,80
37,2/21/18,3/21/18,28,0.074074074,0.411389206,0,0,0,0,0,0
38,8/31/17,7/31/19,699,0.014326648,0.411389206,0,0,21,0,0,0
39,6/20/17,3/12/20,996,0.015075377,0.411389206,0,2,13,15,0,0
40,2/6/17,10/26/19,992,0.032290616,0.411389206,0,32,32,32,0,0
41,2/1/17,,none,3.139198949,0.411389206,0,46,1113,6024,8677,4781
42,1/25/18,,none,0.266094421,0.411389206,0,0,156,209,241,310
43,3/17/16,,none,0.013557484,0.411389206,8,11,16,19,26,25
44,4/20/16,8/8/18,840,0.034564958,0.411389206,0,13,0,0,0,0
45,6/30/17,,none,1.201601165,0.411389206,0,10,105,72,495,1651
46,8/16/16,2/19/19,917,0.066593887,0.411389206,13,128,74,0,0,0
47,7/12/17,,none,0.019823789,0.411389206,0,11,30,35,26,27
48,12/28/17,12/21/18,358,0.050420168,0.411389206,0,0,15,0,0,0
49,12/17/15,3/24/20,1559,0.002567394,0.411389206,12,31,55,5,0,0
50,11/1/16,8/2/17,274,0.032967033,0.411389206,0,0,0,0,0,0
53,3/9/18,10/22/18,227,0.017699115,0.411389206,0,0,4,0,0,0
55,2/1/17,,none,0.043992121,0.411389206,0,105,301,292,65,67
56,11/1/16,,none,1.291640867,0.411389206,0,449,979,1674,1928,2086
57,7/7/16,4/27/20,1390,0.006479482,0.411389206,3,6,6,6,0,0
58,3/15/17,,none,0.111411209,0.411389206,0,19,15,89,129,165
59,3/29/16,,none,1.219978166,0.411389206,52,192,591,921,2259,2235
60,1/16/18,,none,0.077512777,0.411389206,0,0,35,67,83,91
61,4/18/17,,none,0.114720111,0.411389206,0,4,52,121,155,166
62,5/18/17,,none,0.027522936,0.411389206,0,13,32,38,39,39
63,9/1/17,,none,0.003051106,0.411389206,0,259,286,264,102,4
65,10/21/15,,none,0.604919679,0.411389206,209,536,825,825,1075,1205
67,11/1/16,,none,0.00495356,0.411389206,0,8,8,8,8,8
68,11/17/17,8/1/18,257,0.078125,0.411389206,0,0,0,0,0,0
69,2/1/18,11/1/19,638,0.131868132,0.411389206,0,0,16,84,0,0
70,11/2/16,3/18/20,1232,0.160844842,0.411389206,0,90,194,198,0,0
72,7/18/16,,none,0.144683324,0.411389206,13,41,93,128,250,249
73,2/8/18,,none,0.039096438,0.411389206,0,0,6,9,35,45
74,3/21/16,,none,0.008152174,0.411389206,0,6,17,17,15,15
75,9/1/16,,none,0.008219178,0.411389206,0,2,14,13,0,0
76,10/6/17,,none,0.082288401,0.411389206,0,3,39,56,74,105
77,1/18/18,,none,6.642491468,0.411389206,0,0,1529,3174,6382,7785
78,3/30/16,,none,0.170398689,0.411389206,0,26,70,131,308,312
79,6/13/16,,none,0.0261959,0.411389206,22,45,46,46,46,46
80,6/18/17,,none,0.158730159,0.411389206,0,1,68,174,160,220
81,9/5/17,11/19/19,805,0.098258707,0.411389206,0,8,79,79,0,0
82,4/5/17,,none,0.160958904,0.411389206,0,22,229,294,208,235
83,10/21/15,,none,0.16064257,0.411389206,33,102,173,246,321,320
84,4/10/17,5/14/19,764,0.001310616,0.411389206,0,1,1,0,0,0
86,11/15/15,,none,0.034570412,0.411389206,39,135,236,36,107,68
87,11/29/17,,none,0.015548282,0.411389206,0,0,225,343,19,19
89,9/14/17,8/24/18,344,0.005830904,0.411389206,0,2,0,0,0,0
90,10/24/17,3/8/19,500,0.543086172,0.411389206,0,0,347,0,0,0
91,11/28/17,11/30/18,367,0.254098361,0.411389206,0,0,80,0,0,0
93,6/27/17,,none,0.007988381,0.411389206,0,10,10,10,10,11
96,8/24/17,11/7/18,440,0.006833713,0.411389206,0,6,16,0,0,0
98,2/26/16,,none,0.00804721,0.411389206,0,0,16,19,15,15
99,11/8/17,,none,0.271922768,0.411389206,0,0,72,263,338,338
100,3/22/17,8/23/18,519,0.001930502,0.411389206,0,1,0,0,0,0
102,8/14/17,,none,0.62979684,0.411389206,0,5,300,404,825,837
103,11/24/15,,none,0.01072523,0.411389206,1,26,30,35,33,21
105,9/28/17,,none,0.134735203,0.411389206,0,1,27,84,163,173
106,8/1/17,3/15/19,591,0.038983051,0.411389206,0,54,84,0,0,0
107,2/9/18,,none,0.226086957,0.411389206,0,0,39,101,166,260
109,7/6/17,,none,0.209064328,0.411389206,0,30,188,291,273,286
110,2/12/18,10/23/20,984,0.0508647,0.411389206,0,0,60,107,50,0
112,6/20/17,,none,1.101878613,0.411389206,0,31,979,1546,1540,1525
113,5/8/17,,none,0.290819902,0.411389206,0,23,126,230,366,415
114,6/29/16,,none,0.082183908,0.411389206,0,39,127,133,156,143
115,4/11/16,,none,0.015942826,0.411389206,13,14,23,32,36,29
116,4/17/17,,none,0.026933702,0.411389206,0,14,18,32,39,39
117,4/5/17,,none,0.105479452,0.411389206,0,65,102,138,154,154
118,3/4/16,,none,0.003769521,0.411389206,1,9,13,8,7,7
119,7/12/17,,none,0.712922173,0.411389206,0,19,42,528,792,971
120,10/25/16,,none,0.315659679,0.411389206,0,61,159,183,299,512
121,6/2/17,,none,0.013552069,0.411389206,0,9,19,19,19,19
122,2/28/18,,none,0.094606543,0.411389206,0,0,66,41,111,107
123,3/1/16,9/7/17,555,0.063176895,0.411389206,3,0,0,0,0,0
124,6/29/17,,none,0.413090909,0.411389206,0,2,67,202,419,568
125,2/9/16,1/20/21,1807,0.00055371,0.411389206,9,15,9,10,1,0
126,3/22/17,3/22/18,365,0.03021978,0.411389206,0,11,0,0,0,0
128,12/2/16,2/2/17,62,0.540983607,0.411389206,0,0,0,0,0,0
130,2/8/17,,none,0.009894459,0.411389206,0,30,46,13,15,15
131,1/19/18,,none,0.252775406,0.411389206,0,0,73,207,266,296
132,1/30/18,1/25/21,1091,0.048623853,0.411389206,0,0,327,574,176,0
133,3/3/16,3/18/21,1841,0.35280509,0.411389206,0,94,248,567,600,0
139,5/25/18,,none,0.16076555,0.411389206,0,0,0,8,154,168
143,7/3/18,,none,0.109343936,0.411389206,0,0,17,127,107,110
144,7/25/18,,none,0.43800813,0.411389206,0,0,9,215,373,431
145,7/27/18,1/4/21,892,0.01010101,0.411389206,0,0,11,12,9,0
146,7/20/18,,none,0.018200202,0.411389206,0,0,4,290,317,18
147,8/1/18,,none,2.583418629,0.411389206,0,0,31,2290,2134,2524
148,8/1/18,,none,0.018423746,0.411389206,0,0,20,39,46,18
149,8/2/18,,none,0.136270492,0.411389206,0,0,100,129,134,133
425,6/13/19,,none,0.069591528,0.411389206,0,0,0,30,38,46
504,11/12/18,,none,0.043478261,0.411389206,0,0,0,121,38,38
561,3/6/18,,none,0.036444444,0.411389206,0,0,28,28,41,41
615,1/19/18,,none,2.883859949,0.411389206,0,0,1010,2053,1073,3377
744,10/19/18,,none,0.023385301,0.411389206,0,0,18,33,21,21
1270,4/4/18,,none,0.147810219,0.411389206,0,0,74,182,155,162
1389,3/16/19,,none,1.504,0.411389206,0,0,0,733,1057,1128
1747,4/26/18,3/13/20,687,0.029154519,0.411389206,0,0,12,20,0,0
1907,2/19/20,,none,0.212195122,0.411389206,0,0,0,0,77,87
2230,5/30/18,11/29/18,183,0.016483517,0.411389206,0,0,156,0,0,0
2410,11/1/16,1/17/20,1172,0.039282664,0.411389206,0,1,38,46,0,0
2435,2/24/20,2/26/20,2,9,0.411389206,0,0,0,0,0,0
2675,8/27/19,,none,0.040955631,0.411389206,0,0,0,14,24,24
2726,6/11/18,10/2/20,844,0.028469751,0.411389206,0,0,24,21,0,0
2828,12/1/15,4/2/18,853,0.180751174,0.411389206,150,154,0,0,0,0
3323,3/15/19,,none,0.105193076,0.411389206,0,0,0,57,71,79
3330,1/15/18,,none,5.978723404,0.411389206,0,0,1013,3026,5463,7025
3607,8/8/18,,none,0.420618557,0.411389206,0,0,7,157,371,408
3622,12/7/17,12/18/19,741,0.013513514,0.411389206,0,0,6,10,0,0
3897,9/17/18,,none,0.082795699,0.411389206,0,0,9,69,69,77
3925,5/18/18,4/15/19,332,0.187311178,0.411389206,0,0,55,0,0,0
4370,2/15/19,4/1/19,45,0.181818182,0.411389206,0,0,0,0,0,0
4605,7/15/18,4/4/19,263,0.061068702,0.411389206,0,0,10,0,0,0
5088,5/4/18,12/2/20,943,0.008492569,0.411389206,0,0,31,152,26,0
5127,2/3/19,,none,0.102402023,0.411389206,0,0,0,21,41,81
5210,4/4/18,,none,0.028284672,0.411389206,0,0,16,35,38,31
5293,11/18/15,,none,0.010692464,0.411389206,0,2,19,21,24,21
5340,3/7/19,,none,0.031620553,0.411389206,0,0,0,22,20,24
5436,4/10/18,7/11/18,92,0.021978022,0.411389206,0,0,0,0,0,0
5571,10/29/19,3/10/21,498,0.01609658,0.411389206,0,0,0,0,40,0
5768,10/18/18,,none,0.047830923,0.411389206,0,0,15,41,43,43
5803,1/7/20,,none,0.057395144,0.411389206,0,0,0,0,14,26
5881,10/21/15,,none,0.28062249,0.411389206,53,98,470,825,946,559
6045,1/16/17,6/16/17,151,0.046666667,0.411389206,0,0,0,0,0,0
6209,10/31/18,9/12/19,316,0.076190476,0.411389206,0,0,0,0,0,0
6416,3/1/19,3/1/21,731,0.083561644,0.411389206,0,0,0,28,60,0
6594,4/20/16,,none,0.460220995,0.411389206,0,0,0,192,544,833
6631,1/5/21,,none,0.471910112,0.411389206,0,0,0,0,0,42
6739,9/13/18,,none,0.026766595,0.411389206,0,0,3,12,22,25
7165,7/18/18,,none,0.181634712,0.411389206,0,0,15,79,158,180
7171,1/10/19,2/17/21,769,0.024739583,0.411389206,0,0,0,19,19,0
7181,4/10/17,,none,0.021993127,0.411389206,0,7,16,130,233,32
7676,1/5/21,,none,0.157303371,0.411389206,0,0,0,0,0,14
7805,11/26/15,1/27/17,428,0.088992974,0.411389206,36,0,0,0,0,0
7845,4/4/18,5/8/18,34,0.151515152,0.411389206,0,0,0,0,0,0
7960,5/2/18,,none,0.133895131,0.411389206,0,0,29,34,123,143
7963,8/7/20,,none,0.508333333,0.411389206,0,0,0,0,52,122
7979,3/30/18,11/3/18,218,0.02764977,0.411389206,0,0,6,0,0,0
8212,6/14/18,,none,0.012682927,0.411389206,0,0,24,24,13,13
8214,4/27/19,,none,0.039548023,0.411389206,0,0,0,6,19,28
8481,8/16/16,10/31/19,1171,1.094190141,0.411389206,0,1,400,0,0,0
8488,3/20/19,1/21/21,673,0.010736196,0.411389206,0,0,0,7,7,0
8552,8/13/18,8/7/19,359,0.505586592,0.411389206,0,0,45,0,0,0
8742,3/27/17,,none,2.031313819,0.411389206,0,889,4237,7858,9017,2984
8791,4/5/17,1/5/18,275,0.032846715,0.411389206,0,9,0,0,0,0
8820,12/26/19,8/17/20,235,0.038461539,0.411389206,0,0,0,0,0,0
8934,5/9/18,,none,0.017907634,0.411389206,0,0,6,14,17,19
9427,3/30/18,,none,0.0835604,0.411389206,0,0,107,182,92,92
9634,6/27/18,,none,0.197628459,0.411389206,0,0,36,96,160,200
9719,2/1/18,,none,0.060747664,0.411389206,0,0,18,38,0,0
10027,7/16/18,,none,0.03021148,0.411389206,0,0,6,18,28,30
10120,4/26/19,3/12/20,321,0.146875,0.411389206,0,0,0,47,0,0
10465,8/14/18,,none,0.010373444,0.411389206,0,0,21,22,22,10
10585,7/1/19,3/10/21,618,0.01458671,0.411389206,0,0,0,11,10,0
10592,4/14/19,,none,0.047156727,0.411389206,0,0,0,20,34,34
10616,11/21/17,1/1/18,41,0.15,0.411389206,0,0,0,0,0,0
10619,4/1/18,,none,0.181073703,0.411389206,0,0,45,127,194,199
10722,1/8/19,,none,0.047735618,0.411389206,0,0,0,25,39,39
10887,10/21/19,,none,0.09039548,0.411389206,0,0,0,20,38,48
10911,5/7/18,4/10/19,338,0.080118694,0.411389206,0,0,34,0,0,0
10980,5/25/17,8/2/17,69,0.014705882,0.411389206,0,0,0,0,0,0
11298,11/12/18,,none,0.766590389,0.411389206,0,0,0,36,204,670
11328,4/26/18,,none,0.311918063,0.411389206,0,0,37,114,338,335
11446,11/13/18,,none,0.068728522,0.411389206,0,0,0,38,48,60
11671,2/28/18,,none,0.611847922,0.411389206,0,0,470,635,692,692
11827,2/28/18,,none,0.389036251,0.411389206,0,0,0,1,438,440
11930,8/12/18,9/30/18,49,1.375,0.411389206,0,0,0,0,0,0
12274,11/23/18,,none,0.59212051,0.411389206,0,0,0,43,228,511
12368,4/9/19,6/9/20,427,0.011737089,0.411389206,0,0,0,14,0,0
12458,5/29/19,3/3/20,279,0.071942446,0.411389206,0,0,0,20,0,0
12639,4/29/19,,none,0.107648725,0.411389206,0,0,0,53,63,76
12810,5/28/18,,none,0.141074856,0.411389206,0,0,12,51,87,147
12887,8/31/19,12/24/19,115,0.324561404,0.411389206,0,0,0,37,0,0
12975,8/23/17,,none,0.784848485,0.411389206,0,119,261,641,978,1036
13028,5/29/19,,none,0.044378698,0.411389206,0,0,0,12,27,30
13038,1/25/19,,none,0.05375,0.411389206,0,0,0,12,12,43
13328,5/10/19,,none,0.057553957,0.411389206,0,0,0,15,28,40
13382,8/29/18,,none,0.021074816,0.411389206,0,0,20,19,19,20
13507,6/13/18,,none,0.38791423,0.411389206,0,0,43,172,349,398
13863,6/29/18,9/25/18,88,0.057471264,0.411389206,0,0,0,0,0,0
13871,10/30/18,2/26/19,119,0.093220339,0.411389206,0,0,0,0,0,0
14483,8/22/17,10/22/19,791,0.019736842,0.411389206,0,0,9,0,0,0
14504,1/25/18,,none,0.411158798,0.411389206,0,0,1,87,248,479
14663,7/23/18,7/10/20,718,0.013947001,0.411389206,0,0,48,20,0,0
14731,6/7/18,,none,0.054263566,0.411389206,0,0,20,28,45,56
14995,3/26/18,,none,0.218099548,0.411389206,0,0,32,143,215,241
15051,7/4/18,7/24/19,385,0.052083333,0.411389206,0,0,21,0,0,0
15287,5/3/19,,none,0.051282051,0.411389206,0,0,0,23,26,36
15437,7/31/19,,none,0.911908646,0.411389206,0,0,0,187,314,559
15711,7/27/18,1/28/20,550,0.016393443,0.411389206,0,0,16,16,0,0
15852,7/7/18,11/8/18,124,0.138211382,0.411389206,0,0,17,0,0,0
16213,11/27/20,,none,0.125,0.411389206,0,0,0,0,0,16
16493,11/28/17,,none,0.046606705,0.411389206,0,0,44,111,56,57
16494,7/12/18,4/15/20,643,0.087227414,0.411389206,0,0,38,57,0,0
16662,3/4/19,,none,0.053805774,0.411389206,0,0,0,31,41,41
16902,7/2/18,,none,0.028089888,0.411389206,0,0,16,27,25,0
17017,9/1/18,,none,0.195560254,0.411389206,0,0,177,185,185,185
17146,9/3/19,,none,0.001893939,0.411389206,0,0,0,6,0,0
17341,7/27/18,,none,0.00916497,0.411389206,0,0,17,47,27,9
17358,8/11/17,6/20/20,1044,0.043144775,0.411389206,0,7,21,38,0,0
17522,8/22/18,2/11/19,173,0.412790698,0.411389206,0,0,71,0,0,0
17556,4/9/18,,none,0.005499542,0.411389206,0,0,6,6,6,6
17719,12/1/15,3/7/18,827,0.010895884,0.411389206,9,9,0,0,0,0
17807,1/7/19,8/10/19,215,0.074766355,0.411389206,0,0,0,0,0,0
17884,1/7/19,,none,0.160146699,0.411389206,0,0,0,29,101,131
18083,5/23/18,2/2/19,255,0.039370079,0.411389206,0,0,12,0,0,0
18147,5/8/19,,none,0.025824964,0.411389206,0,0,0,13,18,18
18179,8/7/18,8/3/19,361,0.055555556,0.411389206,0,0,15,0,0,0
18242,8/8/18,12/8/18,122,0.033057851,0.411389206,0,0,4,0,0,0
18370,3/6/18,,none,0.123555556,0.411389206,0,0,28,139,138,139
18488,7/15/19,,none,0.069952305,0.411389206,0,0,0,6,21,44
18501,6/10/19,,none,0.034638554,0.411389206,0,0,0,20,24,23
18679,6/13/18,7/13/18,30,0.103448276,0.411389206,0,0,0,0,0,0
18699,7/6/18,,none,0.181455633,0.411389206,0,0,50,65,129,182
18759,2/16/18,3/5/19,382,0.020997375,0.411389206,0,0,8,0,0,0
19061,6/1/19,,none,0.008915305,0.411389206,0,0,0,8,4,6
19539,6/11/19,,none,0.015082956,0.411389206,0,0,0,25,40,10
19608,7/24/18,2/25/21,947,0.093023256,0.411389206,0,0,45,75,88,0
19708,1/13/20,,none,2.686800895,0.411389206,0,0,0,0,1186,1201
19765,4/24/18,,none,1.317843866,0.411389206,0,0,323,631,1300,1418
19826,9/9/20,11/9/20,61,0.133333333,0.411389206,0,0,0,0,10,0
19880,9/10/18,,none,0.007470651,0.411389206,0,0,11,24,7,7
19915,5/22/18,,none,0.070610687,0.411389206,0,0,0,2,72,74
20363,9/25/18,,none,0.121475054,0.411389206,0,0,6,35,103,112
20532,1/5/19,,none,0.114634146,0.411389206,0,0,0,39,65,94
20533,6/28/18,,none,0.182987141,0.411389206,0,0,6,11,174,185
20547,11/29/18,,none,1.284714119,0.411389206,0,0,0,610,1033,1101
20557,4/23/18,,none,0.005571031,0.411389206,0,0,10,11,6,6
20732,11/7/18,5/6/19,180,0.581005587,0.411389206,0,0,0,0,0,0
20770,12/10/19,,none,0.222453223,0.411389206,0,0,0,0,97,107
20890,7/2/19,12/20/19,171,0.035294118,0.411389206,0,0,0,6,0,0
21021,7/30/18,,none,0.149131767,0.411389206,0,0,0,62,102,146
21119,7/21/18,,none,0.020242915,0.411389206,0,0,14,20,20,20
21281,9/14/18,,none,0.390139336,0.411389206,0,0,17,72,253,364
22711,7/18/18,,none,0.131180626,0.411389206,0,0,19,96,118,130
22739,8/18/16,9/18/16,31,3.366666667,0.411389206,0,0,0,0,0,0
22758,8/14/18,,none,0.036307054,0.411389206,0,0,35,35,35,35
22762,7/1/17,,none,0.038601602,0.411389206,0,36,2009,266,144,53
24681,5/2/20,,none,0.023738872,0.411389206,0,0,0,0,12,8
26123,10/14/19,11/3/19,20,0.789473684,0.411389206,0,0,0,16,0,0
26657,4/16/20,,none,0.04815864,0.411389206,0,0,0,0,13,17
26983,7/25/17,,none,0.011860638,0.411389206,0,14,16,16,16,16
27118,8/15/16,1/15/17,153,0.02631579,0.411389206,4,0,0,0,0,0
27123,8/14/18,,none,0.017634855,0.411389206,0,0,12,14,17,17
27131,1/4/16,1/4/17,366,0.005479452,0.411389206,2,0,0,0,0,0
27190,10/27/20,,none,0.006289308,0.411389206,0,0,0,0,0,1
27358,10/6/20,,none,0.05,0.411389206,0,0,0,0,7,9
27598,12/8/19,,none,0.031055901,0.411389206,0,0,0,0,14,15
27678,8/19/19,8/25/19,6,0.2,0.411389206,0,0,0,0,0,0
27820,8/28/18,8/20/19,357,0.002808989,0.411389206,0,0,0,0,0,0
27963,3/11/19,,none,0.014569536,0.411389206,0,0,0,12,11,11
27990,8/22/18,,none,0.018828452,0.411389206,0,0,7,18,18,18
28255,10/22/18,3/16/21,876,0.155766944,0.411389206,0,0,0,62,128,0
28261,8/18/19,,none,0.102521008,0.411389206,0,0,0,16,56,61
28323,1/30/20,,none,0.479069767,0.411389206,0,0,0,0,163,206
28558,5/7/20,,none,3.307228916,0.411389206,0,0,0,0,355,1098
28577,2/5/19,3/5/20,394,0.073791349,0.411389206,0,0,0,29,0,0
28704,9/19/18,,none,0.021551724,0.411389206,0,0,1,14,20,20
28755,10/11/18,,none,0.028697572,0.411389206,0,0,20,30,26,26
28794,10/23/18,5/8/20,563,0.674377224,0.411389206,0,0,0,473,0,0
28966,12/11/18,,none,0.031952663,0.411389206,0,0,0,30,28,27
28987,10/25/18,,none,0.072869955,0.411389206,0,0,0,42,65,65
29325,10/23/18,2/5/21,836,0.009580838,0.411389206,0,0,0,116,8,0
29547,8/13/20,,none,0.094017094,0.411389206,0,0,0,0,22,22
29548,11/5/18,,none,0.15323496,0.411389206,0,0,0,134,135,135
29752,11/19/18,,none,0.070357555,0.411389206,0,0,0,63,73,61
29942,11/1/19,,none,0.05,0.411389206,0,0,0,0,26,26
29992,2/21/19,,none,0.027166882,0.411389206,0,0,0,20,21,21
30091,11/4/19,,none,0.040618956,0.411389206,0,0,0,0,21,21
30270,10/12/20,,none,0.08045977,0.411389206,0,0,0,0,11,14
30452,7/1/20,,none,0.050541516,0.411389206,0,0,0,0,13,14
30712,10/22/18,11/5/18,14,0.615384615,0.411389206,0,0,0,0,0,0
31048,12/11/18,,none,0.061538462,0.411389206,0,0,0,49,50,52
31232,3/25/19,,none,0.068825911,0.411389206,0,0,0,20,33,51
31254,10/31/18,,none,37.55643341,0.411389206,0,0,0,10313,29614,33275
31314,12/4/18,2/12/19,70,0.028985507,0.411389206,0,0,0,0,0,0
31474,3/1/19,5/26/20,452,0.084257206,0.411389206,0,0,0,23,0,0
31550,12/17/18,,none,0.008343266,0.411389206,0,0,0,4,8,7
31713,10/31/18,,none,0.064334086,0.411389206,0,0,0,78,57,57
31887,3/2/19,,none,0.030104712,0.411389206,0,0,0,15,23,23
31984,4/24/19,4/27/20,369,0.065217391,0.411389206,0,0,0,24,0,0
32504,11/29/18,,none,0.296382731,0.411389206,0,0,0,79,298,254
32908,4/17/19,,none,0.019498607,0.411389206,0,0,0,14,14,14
33222,1/19/19,,none,0.47146402,0.411389206,0,0,0,217,362,380
33364,12/2/19,,none,0.083844581,0.411389206,0,0,0,0,39,41
33401,1/5/19,,none,0.008012821,0.411389206,0,0,0,8,0,0
33444,7/15/19,,none,0.143084261,0.411389206,0,0,0,33,54,90
33588,9/11/19,,none,0.127845884,0.411389206,0,0,0,18,54,73
33751,12/20/18,,none,0.056220096,0.411389206,0,0,0,37,46,47
33758,9/17/19,,none,0.118584071,0.411389206,0,0,0,13,65,67
33829,12/18/18,,none,0.016706444,0.411389206,0,0,0,14,14,14
33921,1/15/19,2/29/20,410,0.012224939,0.411389206,0,0,0,5,0,0
34365,1/16/19,,none,0.190358467,0.411389206,0,0,0,4,46,154
34418,2/27/19,,none,5.286831812,0.411389206,0,0,0,3938,4047,4055
34739,2/14/20,,none,0.101204819,0.411389206,0,0,0,0,41,42
34921,5/26/20,,none,0.041533546,0.411389206,0,0,0,0,9,13
35193,5/30/19,,none,0.242962963,0.411389206,0,0,0,131,167,164
35857,1/3/20,,none,0.083150985,0.411389206,0,0,0,0,27,38
35865,6/21/19,,none,0.047473201,0.411389206,0,0,0,22,27,31
36004,8/26/19,,none,0.081771721,0.411389206,0,0,0,22,32,48
36094,5/28/19,4/28/20,336,0.050746269,0.411389206,0,0,0,14,0,0
36322,1/20/19,,none,0.002484472,0.411389206,0,0,0,2,2,2
36381,2/11/20,8/11/20,182,0.110497238,0.411389206,0,0,0,0,0,0
36619,1/29/19,,none,0.212311558,0.411389206,0,0,0,239,187,169
36967,8/7/19,,none,0.079207921,0.411389206,0,0,0,15,44,48
37033,7/5/19,,none,0.064162754,0.411389206,0,0,0,17,34,41
37042,1/11/19,,none,0.054054054,0.411389206,0,0,0,0,0,44
37266,3/29/19,,none,0.560379919,0.411389206,0,0,0,215,383,413
37360,4/10/19,,none,1.006896552,0.411389206,0,0,0,106,512,730
37755,8/5/20,,none,0.202479339,0.411389206,0,0,0,0,30,49
37768,2/15/19,,none,0.097560976,0.411389206,0,0,0,12,51,76
37784,5/16/19,,none,0.606676343,0.411389206,0,0,0,39,432,418
38003,4/5/19,,none,0.04520548,0.411389206,0,0,0,25,20,33
38160,9/19/19,,none,0.058614565,0.411389206,0,0,0,12,15,33
38202,2/11/19,,none,0.104725415,0.411389206,0,0,0,13,45,82
38322,6/24/19,,none,0.166153846,0.411389206,0,0,0,493,103,108
38345,1/23/20,,none,0.04576659,0.411389206,0,0,0,0,20,20
38399,11/12/19,,none,0.137524558,0.411389206,0,0,0,0,50,70
38582,4/24/20,,none,0.371014493,0.411389206,0,0,0,0,73,128
38633,9/21/20,,none,0.164102564,0.411389206,0,0,0,0,21,32
39255,6/3/19,,none,0.029806259,0.411389206,0,0,0,16,20,20
39447,3/11/19,,none,0.01986755,0.411389206,0,0,0,29,15,15
39527,7/23/18,,none,0.836713996,0.411389206,0,0,0,246,790,825
40228,2/9/21,,none,0.074074074,0.411389206,0,0,0,0,0,4
40751,9/10/19,2/8/21,517,0.02131783,0.411389206,0,0,0,6,8,0
41168,1/31/19,1/5/21,705,0.255714286,0.411389206,0,0,0,635,426,0
41254,3/11/19,,none,0.014569536,0.411389206,0,0,0,10,11,11
41484,6/10/19,8/28/19,79,0.102564103,0.411389206,0,0,0,0,0,0
42538,4/29/19,,none,0.020050125,0.411389206,0,0,0,8,0,0
42572,4/8/19,8/24/20,504,0.003976143,0.411389206,0,0,0,2,0,0
42958,3/25/19,5/18/20,420,0.00477327,0.411389206,0,0,0,2,0,0
43306,3/31/19,,none,0.542857143,0.411389206,0,0,0,425,424,399
52732,6/27/19,,none,0.443585781,0.411389206,0,0,0,50,205,287
53461,6/21/19,,none,0.035222052,0.411389206,0,0,0,14,16,23
53467,5/7/19,,none,0.035816619,0.411389206,0,0,0,25,25,25
53836,4/25/19,1/28/21,644,0.052877138,0.411389206,0,0,0,31,39,0
54143,5/21/19,,none,0.084795322,0.411389206,0,0,0,6,65,58
54492,3/9/20,,none,0.281329923,0.411389206,0,0,0,0,74,110
54779,4/24/19,4/24/20,366,0.010869565,0.411389206,0,0,0,4,0,0
54862,9/14/20,,none,0.01980198,0.411389206,0,0,0,0,2,4
55735,7/19/20,,none,0.200772201,0.411389206,0,0,0,0,26,52
55977,5/14/19,,none,0.515195369,0.411389206,0,0,0,247,373,356
56049,5/13/19,,none,0.278901734,0.411389206,0,0,0,41,158,193
56504,6/16/20,,none,0.065068493,0.411389206,0,0,0,0,20,19
57004,11/13/19,,none,0.122047244,0.411389206,0,0,0,0,55,62
57267,5/26/19,6/8/20,379,0.244444444,0.411389206,0,0,0,0,0,0
57394,6/25/19,,none,0.371340524,0.411389206,0,0,0,214,210,241
57694,5/20/19,3/24/21,674,0.014858841,0.411389206,0,0,0,30,30,0
58014,9/10/20,,none,0.087378641,0.411389206,0,0,0,0,16,18
58143,7/16/19,8/27/19,42,0.463414634,0.411389206,0,0,0,0,0,0
58167,5/30/19,,none,0.014814815,0.411389206,0,0,0,1,2,10
58184,6/5/19,,none,0.198804185,0.411389206,0,0,0,100,216,133
58405,12/2/19,,none,0.967280164,0.411389206,0,0,0,0,372,473
58407,11/4/19,,none,0.259187621,0.411389206,0,0,0,0,76,134
58523,3/25/20,,none,0.138666667,0.411389206,0,0,0,0,28,52
59139,8/10/20,,none,0.109704641,0.411389206,0,0,0,0,21,26
59251,7/1/19,6/2/20,337,0.023809524,0.411389206,0,0,0,139,0,0
66630,8/29/19,,none,0.131849315,0.411389206,0,0,0,34,72,77
86462,3/5/20,,none,0.075949367,0.411389206,0,0,0,0,33,30
104331,8/2/19,8/29/19,27,0.923076923,0.411389206,0,0,0,0,0,0
105068,8/14/19,1/17/21,522,0.013435701,0.411389206,0,0,0,25,23,0
105075,6/13/19,8/24/20,438,0.027459954,0.411389206,0,0,0,21,0,0
105348,7/17/19,2/18/21,582,0.003442341,0.411389206,0,0,0,2,2,0
105423,9/18/19,,none,0.040780142,0.411389206,0,0,0,16,21,23
105433,6/18/19,,none,2.364329268,0.411389206,0,0,0,691,1293,1551
105956,10/20/19,7/21/20,275,0.054744526,0.411389206,0,0,0,16,0,0
106329,9/19/19,,none,0.081705151,0.411389206,0,0,0,17,40,46
106741,7/1/19,,none,0.043545879,0.411389206,0,0,0,21,34,28
106751,3/6/20,6/15/20,101,0.09,0.411389206,0,0,0,0,0,0
106766,9/13/19,,none,0.059753954,0.411389206,0,0,0,6,34,34
107254,9/19/19,,none,0.898756661,0.411389206,0,0,0,17,264,506
108138,7/16/19,,none,0.300955414,0.411389206,0,0,0,33,101,189
108151,10/27/19,,none,0.024761905,0.411389206,0,0,0,0,17,13
108173,10/10/19,,none,0.381918819,0.411389206,0,0,0,15,213,207
108670,7/29/19,7/30/19,1,1,0.411389206,0,0,0,0,0,0
108716,9/27/19,10/10/19,13,0.083333333,0.411389206,0,0,0,0,0,0
108967,7/25/19,,none,0.252019386,0.411389206,0,0,0,50,175,156
108987,11/11/19,,none,0.141176471,0.411389206,0,0,0,0,29,72
109311,8/15/19,,none,0.050167224,0.411389206,0,0,0,62,27,30
109462,11/1/19,,none,0.092307692,0.411389206,0,0,0,0,38,48
109804,8/30/19,,none,0.550600343,0.411389206,0,0,0,153,377,321
110149,8/1/19,,none,0.985294118,0.411389206,0,0,0,0,362,603
110468,12/14/19,,none,0.176100629,0.411389206,0,0,0,0,33,84
110866,11/4/20,,none,0.218543046,0.411389206,0,0,0,0,0,33
111573,8/28/19,,none,0.100854701,0.411389206,0,0,0,4,57,59
111580,8/20/19,,none,0.027210884,0.411389206,0,0,0,4,0,0
112073,9/26/19,,none,2.893884892,0.411389206,0,0,0,1409,2208,1609
112151,12/5/19,,none,0.053497942,0.411389206,0,0,0,0,19,26
112241,9/1/19,12/17/20,473,0.006355932,0.411389206,0,0,0,3,8,0
112378,10/14/19,4/28/20,197,0.030612245,0.411389206,0,0,0,4,0,0
112972,10/3/19,,none,0.021857924,0.411389206,0,0,0,2,12,12
113029,9/14/19,,none,1.38556338,0.411389206,0,0,0,2,418,787
113734,11/9/19,,none,0.083984375,0.411389206,0,0,0,0,32,43
114896,10/7/19,8/6/20,304,0.577557756,0.411389206,0,0,0,6,0,0
115391,12/9/19,4/23/20,136,0.02962963,0.411389206,0,0,0,0,0,0
115444,10/17/19,9/24/20,343,0.064327485,0.411389206,0,0,0,9,0,0
115469,11/6/19,,none,0.036893204,0.411389206,0,0,0,0,19,19
115660,10/25/20,,none,0.074534162,0.411389206,0,0,0,0,0,12
115962,10/6/19,,none,0.095238095,0.411389206,0,0,0,5,32,52
116055,10/22/19,,none,0.037735849,0.411389206,0,0,0,0,20,20
116121,10/21/19,12/13/19,53,0.230769231,0.411389206,0,0,0,11,0,0
116195,2/11/20,,none,0.028708134,0.411389206,0,0,0,0,12,12
116305,3/11/20,,none,1.110539846,0.411389206,0,0,0,0,150,432
116810,10/15/19,,none,0.029795158,0.411389206,0,0,0,12,16,16
117109,11/25/19,,none,0.040322581,0.411389206,0,0,0,0,20,20
117344,8/14/20,8/26/20,12,0.454545455,0.411389206,0,0,0,0,0,0
117438,2/24/20,,none,1.469135803,0.411389206,0,0,0,0,380,595
117589,6/25/20,,none,0.074204947,0.411389206,0,0,0,0,20,21
117628,12/12/19,,none,0.014613779,0.411389206,0,0,0,0,2,7
118131,2/3/20,,none,0.030516432,0.411389206,0,0,0,0,12,13
118518,6/4/20,,none,0.098684211,0.411389206,0,0,0,0,22,30
119514,10/5/20,,none,0.082872928,0.411389206,0,0,0,0,13,15
119534,11/19/20,,none,0.066176471,0.411389206,0,0,0,0,0,9
120141,12/4/19,,none,0.453798768,0.411389206,0,0,0,0,139,221
120387,1/29/20,2/3/20,5,1,0.411389206,0,0,0,0,0,0
120692,11/25/19,,none,0.014112903,0.411389206,0,0,0,0,7,7
120750,1/7/20,,none,0.04415011,0.411389206,0,0,0,0,19,20
121380,1/22/20,,none,0.038812785,0.411389206,0,0,0,0,15,17
122011,9/15/20,,none,0.114427861,0.411389206,0,0,0,0,15,23
122137,12/12/19,4/4/20,114,0.061946903,0.411389206,0,0,0,0,0,0
122417,2/8/20,,none,0.09263658,0.411389206,0,0,0,0,22,39
122676,12/17/19,,none,0.054852321,0.411389206,0,0,0,0,23,26
123023,2/20/20,,none,0.056234719,0.411389206,0,0,0,0,26,23
124841,5/4/20,,none,0.543283582,0.411389206,0,0,0,0,132,182
126107,7/1/20,,none,2.368231047,0.411389206,0,0,0,0,137,656
126117,8/6/20,,none,0.070539419,0.411389206,0,0,0,0,12,17
126366,1/17/20,,none,0.036117382,0.411389206,0,0,0,0,14,16
127362,2/27/20,2/28/21,367,0.073770492,0.411389206,0,0,0,0,27,0
127435,10/13/20,,none,0.080924856,0.411389206,0,0,0,0,11,14
128035,11/9/20,,none,2.006849315,0.411389206,0,0,0,0,0,293
128098,5/15/20,,none,0.030864198,0.411389206,0,0,0,0,10,10
128491,2/10/20,,none,0.040572792,0.411389206,0,0,0,0,17,17
129008,11/17/20,,none,0.094202899,0.411389206,0,0,0,0,0,13
129795,2/7/20,,none,0.227488152,0.411389206,0,0,0,0,66,96
130004,3/9/21,,none,0.538461539,0.411389206,0,0,0,0,0,14
130018,5/22/20,,none,0.129337539,0.411389206,0,0,0,0,23,41
130112,10/22/20,,none,0.042682927,0.411389206,0,0,0,0,0,7
130226,12/3/20,,none,0.172131148,0.411389206,0,0,0,0,0,21
131990,8/11/20,,none,0.118644068,0.411389206,0,0,0,0,6,28
132324,2/24/20,,none,0.22962963,0.411389206,0,0,0,0,63,93
134524,6/25/20,,none,0.307420495,0.411389206,0,0,0,0,69,87
135117,8/13/20,1/16/21,156,0.096774194,0.411389206,0,0,0,0,17,0
135260,7/30/20,,none,0.028225807,0.411389206,0,0,0,0,10,7
135323,5/25/20,,none,0.057324841,0.411389206,0,0,0,0,16,18
136765,10/30/20,,none,0.134615385,0.411389206,0,0,0,0,0,21
136976,8/22/20,,none,0.355555556,0.411389206,0,0,0,0,7,80
138301,4/8/20,,none,0.207756233,0.411389206,0,0,0,0,35,75
138362,1/10/21,,none,0.321428571,0.411389206,0,0,0,0,0,27
139181,7/26/20,,none,0.087301587,0.411389206,0,0,0,0,16,22
139510,10/12/20,,none,0.195402299,0.411389206,0,0,0,0,18,34
139914,5/7/20,,none,0.286144578,0.411389206,0,0,0,0,63,95
140925,8/11/20,,none,0.127118644,0.411389206,0,0,0,0,13,30
141283,4/30/20,,none,3.342182891,0.411389206,0,0,0,0,494,1133
141367,10/2/20,,none,0.516304348,0.411389206,0,0,0,0,0,95
141729,5/28/20,,none,0.028938907,0.411389206,0,0,0,0,20,9
143016,7/15/20,,none,0.543726236,0.411389206,0,0,0,0,62,143
143032,8/18/20,,none,0.187772926,0.411389206,0,0,0,0,59,43
143283,6/25/20,,none,0.053003534,0.411389206,0,0,0,0,14,15
144035,9/2/20,,none,0.051401869,0.411389206,0,0,0,0,10,11
144487,8/14/20,,none,0.858369099,0.411389206,0,0,0,0,44,200
145304,7/30/20,,none,0.358870968,0.411389206,0,0,0,0,69,89
145452,7/9/20,,none,4.026022305,0.411389206,0,0,0,0,10,1083
145519,3/9/21,,none,2,0.411389206,0,0,0,0,0,52
145954,8/13/20,,none,0.064102564,0.411389206,0,0,0,0,8,15
146296,1/18/21,,none,0.171052632,0.411389206,0,0,0,0,0,13
146525,8/14/20,,none,0.0472103,0.411389206,0,0,0,0,4,11
146905,7/23/20,,none,0.392156863,0.411389206,0,0,0,0,40,100
147168,9/21/20,,none,0.841025641,0.411389206,0,0,0,0,81,164
147352,12/15/20,,none,0.290909091,0.411389206,0,0,0,0,0,32
147540,8/26/20,,none,0.199095023,0.411389206,0,0,0,0,15,44
147869,6/25/20,,none,4.533568905,0.411389206,0,0,0,0,356,1283
148041,12/4/20,,none,1.644628099,0.411389206,0,0,0,0,0,199
149099,9/14/20,,none,0.183168317,0.411389206,0,0,0,0,25,37
149382,11/17/20,,none,0.152173913,0.411389206,0,0,0,0,0,21
149712,1/26/21,,none,0.205882353,0.411389206,0,0,0,0,0,14
151458,7/20/20,,none,0.050387597,0.411389206,0,0,0,0,10,13
151997,1/26/21,,none,0.264705882,0.411389206,0,0,0,0,0,18
153145,10/14/20,,none,0.098837209,0.411389206,0,0,0,0,13,17
153176,7/30/20,,none,0.830645161,0.411389206,0,0,0,0,171,206
153848,12/23/20,,none,0.12745098,0.411389206,0,0,0,0,0,13
154017,9/23/20,,none,0.015544042,0.411389206,0,0,0,0,3,3
154195,11/30/20,,none,0.128,0.411389206,0,0,0,0,0,16
154350,8/18/20,,none,0.069868996,0.411389206,0,0,0,0,12,16
154845,8/11/20,,none,0.161016949,0.411389206,0,0,0,0,27,38
155615,9/4/20,,none,0.212264151,0.411389206,0,0,0,0,43,45
155869,11/11/20,,none,0.291666667,0.411389206,0,0,0,0,0,42
156461,3/5/21,,none,0.433333333,0.411389206,0,0,0,0,0,13
156738,8/25/20,3/9/21,196,0.005128205,0.411389206,0,0,0,0,1,0
158348,1/4/21,,none,0.133333333,0.411389206,0,0,0,0,0,12
158553,9/21/20,11/17/20,57,0.125,0.411389206,0,0,0,0,7,0
158599,10/16/20,,none,0.394117647,0.411389206,0,0,0,0,61,67
158732,11/5/20,,none,0.253333333,0.411389206,0,0,0,0,0,38
159701,3/16/21,,none,1.789473684,0.411389206,0,0,0,0,0,34
159853,10/30/20,,none,0.102564103,0.411389206,0,0,0,0,0,16
160012,2/2/21,,none,0.508196721,0.411389206,0,0,0,0,0,31
161045,11/5/20,,none,0.26,0.411389206,0,0,0,0,0,39
161257,10/5/20,,none,0.005524862,0.411389206,0,0,0,0,1,1
161764,12/23/20,,none,0.705882353,0.411389206,0,0,0,0,0,72
161792,10/28/20,,none,0.151898734,0.411389206,0,0,0,0,0,24
161983,10/19/20,,none,21.49101796,0.411389206,0,0,0,0,11,3589
162099,1/21/21,,none,0.794520548,0.411389206,0,0,0,0,0,58
163081,1/18/21,,none,0.157894737,0.411389206,0,0,0,0,0,12
163502,10/12/20,,none,0.028735632,0.411389206,0,0,0,0,3,5
164111,2/15/21,,none,1.916666667,0.411389206,0,0,0,0,0,92
165020,11/11/20,,none,0.520833333,0.411389206,0,0,0,0,0,75
165133,2/3/21,,none,0.333333333,0.411389206,0,0,0,0,0,20
165232,3/9/21,,none,0.615384615,0.411389206,0,0,0,0,0,16
165812,2/4/21,,none,0.288135593,0.411389206,0,0,0,0,0,17
167548,1/30/21,,none,0.234375,0.411389206,0,0,0,0,0,15
168123,3/9/21,,none,0.461538462,0.411389206,0,0,0,0,0,12
168368,11/14/20,,none,0.205673759,0.411389206,0,0,0,0,0,29
169885,1/27/21,,none,0.597014925,0.411389206,0,0,0,0,0,40
169909,11/25/20,,none,0.123076923,0.411389206,0,0,0,0,0,16
170961,2/2/21,,none,2.983606557,0.411389206,0,0,0,0,0,182
172015,12/8/20,,none,0.051282051,0.411389206,0,0,0,0,0,6
172351,12/19/20,,none,0.08490566,0.411389206,0,0,0,0,0,9
173175,12/15/20,,none,0.009090909,0.411389206,0,0,0,0,0,1
178729,1/25/21,,none,0.492753623,0.411389206,0,0,0,0,0,34
179120,1/19/21,,none,0.093333333,0.411389206,0,0,0,0,0,7
179797,2/2/21,,none,0.475409836,0.411389206,0,0,0,0,0,29
179945,1/19/21,,none,0.373333333,0.411389206,0,0,0,0,0,28
181590,1/26/21,,none,0.264705882,0.411389206,0,0,0,0,0,18
182860,3/29/21,,none,5,0.411389206,0,0,0,0,0,30
183080,2/19/21,,none,0.931818182,0.411389206,0,0,0,0,0,41
184496,3/4/21,,none,2.580645161,0.411389206,0,0,0,0,0,80
184865,3/5/21,,none,7.066666667,0.411389206,0,0,0,0,0,212
184878,2/10/21,,none,2.547169811,0.411389206,0,0,0,0,0,135
185019,3/10/21,,none,0.36,0.411389206,0,0,0,0,0,9
185110,2/23/21,,none,1.35,0.411389206,0,0,0,0,0,54
186114,2/18/21,,none,0.355555556,0.411389206,0,0,0,0,0,16
187217,3/3/21,,none,0.03125,0.411389206,0,0,0,0,0,1
188214,4/1/21,,none,0.666666667,0.411389206,0,0,0,0,0,2
188938,3/11/21,3/12/21,1,2,0.411389206,0,0,0,0,0,0
189312,3/12/21,,none,0.130434783,0.411389206,0,0,0,0,0,3
189790,3/29/21,,none,4.666666667,0.411389206,0,0,0,0,0,28
191354,3/24/21,,none,0.090909091,0.411389206,0,0,0,0,0,1
192051,3/31/21,,none,1.25,0.411389206,0,0,0,0,0,5