,org_id,start_date,churn_date,base_growth,common_base_growth,10/21/15,1/21/16,4/21/16,7/21/16,10/21/16,1/21/17,4/21/17,7/21/17,10/21/17,1/21/18,4/21/18,7/21/18,10/21/18,1/21/19,4/21/19,7/21/19,10/21/19,1/21/20,4/21/20,7/21/20,10/21/20,1/21/21,4/4/21
0,7,4/14/16,,0.292951542,0.411389206,0,0,0,1,6,13,25,52,68,90,136,184,225,247,316,375,432,492,412,436,458,501,532
1,9,3/6/18,,1.951111111,0.411389206,0,0,0,0,0,0,0,0,0,0,2,9,222,377,513,671,918,1113,1210,1275,1695,1894,2195
2,10,11/3/17,2/19/19,0.042372881,0.411389206,0,0,0,0,0,0,0,0,0,4,20,20,20,20,0,0,0,0,0,0,0,0,0
3,11,8/29/17,1/10/19,0.008032129,0.411389206,0,0,0,0,0,0,0,0,2,2,2,4,4,0,0,0,0,0,0,0,0,0,0
4,13,6/29/16,5/21/19,0.011374408,0.411389206,0,0,0,1,6,12,16,26,37,50,53,58,47,44,15,0,0,0,0,0,0,0,0
5,15,6/29/16,,0.456321839,0.411389206,0,0,0,0,0,0,0,0,45,56,63,65,74,82,248,253,310,317,317,397,650,717,794
6,16,2/21/18,,0.072056239,0.411389206,0,0,0,0,0,0,0,0,0,0,17,31,39,47,46,48,61,72,76,77,81,82,82
7,17,1/31/18,,0.041415013,0.411389206,0,0,0,0,0,0,0,0,0,0,10,22,34,38,37,42,48,48,48,48,48,48,48
8,18,3/12/18,7/30/20,0.186206897,0.411389206,0,0,0,0,0,0,0,0,0,0,22,35,59,77,103,133,138,149,164,162,0,0,0
9,22,2/20/18,5/31/18,0.212121212,0.411389206,0,0,0,0,0,0,0,0,0,0,21,0,0,0,0,0,0,0,0,0,0,0,0
10,23,7/18/17,,0.02631579,0.411389206,0,0,0,0,0,0,0,15,19,21,21,21,22,22,25,25,25,25,0,0,0,0,0
11,24,11/10/17,,0.065269944,0.411389206,0,0,0,0,0,0,0,0,0,42,48,49,50,50,50,50,71,77,80,81,81,81,81
12,26,11/17/16,11/17/17,0.024725275,0.411389206,0,0,0,0,0,7,9,9,9,0,0,0,0,0,0,0,0,0,0,0,0,0,0
13,27,3/6/18,,0.001777778,0.411389206,0,0,0,0,0,0,0,0,0,0,17,29,34,26,23,29,31,41,48,47,58,2,2
14,28,8/16/17,,0.020346647,0.411389206,0,0,0,0,0,0,0,0,0,0,0,2,7,6,8,8,9,9,9,9,5,5,27
15,30,2/7/18,7/2/19,0.029469548,0.411389206,0,0,0,0,0,0,0,0,0,0,14,21,25,32,29,0,0,0,0,0,0,0,0
16,31,5/9/17,,0.014025245,0.411389206,0,0,0,0,0,0,0,11,18,32,34,48,68,74,25,28,30,24,23,23,23,21,20
17,32,5/1/17,,0.175732218,0.411389206,0,0,0,0,0,0,0,163,169,174,201,238,731,1478,1653,648,578,662,766,860,192,236,252
18,34,2/14/17,10/14/19,0.032955716,0.411389206,0,0,0,0,0,0,6,24,36,40,43,44,31,33,35,32,0,0,0,0,0,0,0
19,35,10/17/17,,0.045059289,0.411389206,0,0,0,0,0,0,0,0,4,57,57,57,57,57,57,57,57,57,57,57,57,57,57
20,36,12/7/17,,0.065897858,0.411389206,0,0,0,0,0,0,0,0,0,22,22,22,23,24,32,32,29,34,30,30,39,39,80
21,37,2/21/18,3/21/18,0.074074074,0.411389206,0,0,0,0,0,0,0,0,0,0,0,0,0,0,0,0,0,0,0,0,0,0,0
22,38,8/31/17,7/31/19,0.014326648,0.411389206,0,0,0,0,0,0,0,0,0,5,10,12,21,15,15,10,0,0,0,0,0,0,0
23,39,6/20/17,3/12/20,0.015075377,0.411389206,0,0,0,0,0,0,0,0,2,2,3,8,13,13,15,15,15,15,0,0,0,0,0
24,40,2/6/17,10/26/19,0.032290616,0.411389206,0,0,0,0,0,0,24,29,32,32,32,32,32,32,32,32,32,0,0,0,0,0,0
25,41,2/1/17,,3.139198949,0.411389206,0,0,0,0,0,0,0,16,46,259,418,698,1113,3057,3689,4972,6024,6289,6475,7598,8677,9853,4781
26,42,1/25/18,,0.266094421,0.411389206,0,0,0,0,0,0,0,0,0,0,78,127,156,238,180,108,209,267,293,289,241,281,310
27,43,3/17/16,,0.013557484,0.411389206,0,0,4,7,8,9,9,10,11,11,12,16,16,16,16,19,19,21,24,23,26,25,25
28,44,4/20/16,8/8/18,0.034564958,0.411389206,0,0,0,0,0,1,1,13,13,13,25,25,0,0,0,0,0,0,0,0,0,0,0
29,45,6/30/17,,1.201601165,0.411389206,0,0,0,0,0,0,0,4,10,23,24,67,105,114,29,68,72,94,98,142,495,1346,1651
30,46,8/16/16,2/19/19,0.066593887,0.411389206,0,0,0,0,13,30,30,66,128,266,338,462,74,59,0,0,0,0,0,0,0,0,0
31,47,7/12/17,,0.019823789,0.411389206,0,0,0,0,0,0,0,7,11,20,32,38,30,27,32,35,35,35,24,25,26,27,27
32,48,12/28/17,12/21/18,0.050420168,0.411389206,0,0,0,0,0,0,0,0,0,13,14,19,15,0,0,0,0,0,0,0,0,0,0
33,49,12/17/15,3/24/20,0.002567394,0.411389206,0,0,1,6,12,15,21,28,31,34,41,51,55,55,33,10,5,5,0,0,0,0,0
34,50,11/1/16,8/2/17,0.032967033,0.411389206,0,0,0,0,0,9,9,9,0,0,0,0,0,0,0,0,0,0,0,0,0,0,0
35,53,3/9/18,10/22/18,0.017699115,0.411389206,0,0,0,0,0,0,0,0,0,0,20,21,4,0,0,0,0,0,0,0,0,0,0
36,55,2/1/17,,0.043992121,0.411389206,0,0,0,0,0,0,9,34,105,125,215,268,301,320,321,276,292,315,248,65,65,67,67
37,56,11/1/16,,1.291640867,0.411389206,0,0,0,0,0,13,61,299,449,527,697,826,979,1077,1377,1754,1674,1806,1780,2201,1928,2046,2086
38,57,7/7/16,4/27/20,0.006479482,0.411389206,0,0,0,0,3,3,6,6,6,6,6,6,6,6,6,6,6,7,9,0,0,0,0
39,58,3/15/17,,0.111411209,0.411389206,0,0,0,0,0,0,1,19,19,21,22,29,15,28,35,68,89,112,140,91,129,160,165
40,59,3/29/16,,1.219978166,0.411389206,0,0,0,12,52,81,116,159,192,428,476,525,591,803,778,726,921,1104,1258,1403,2259,2304,2235
41,60,1/16/18,,0.077512777,0.411389206,0,0,0,0,0,0,0,0,0,11,19,32,35,41,51,54,67,73,77,81,83,84,91
42,61,4/18/17,,0.114720111,0.411389206,0,0,0,0,0,0,0,1,4,7,16,37,52,76,73,97,121,132,145,142,155,160,166
43,62,5/18/17,,0.027522936,0.411389206,0,0,0,0,0,0,0,8,13,15,16,30,32,39,33,35,38,39,39,39,39,39,39
44,63,9/1/17,,0.003051106,0.411389206,0,0,0,0,0,0,0,0,259,265,271,275,286,295,302,258,264,264,27,93,102,4,4
45,65,10/21/15,,0.604919679,0.411389206,0,27,107,154,209,279,368,458,536,654,701,865,825,882,781,790,825,833,865,993,1075,1222,1205
46,67,11/1/16,,0.00495356,0.411389206,0,0,0,0,0,8,8,8,8,8,8,8,8,8,8,8,8,8,8,8,8,8,8
47,68,11/17/17,8/1/18,0.078125,0.411389206,0,0,0,0,0,0,0,0,0,20,20,20,0,0,0,0,0,0,0,0,0,0,0
48,69,2/1/18,11/1/19,0.131868132,0.411389206,0,0,0,0,0,0,0,0,0,0,0,9,16,283,153,78,84,0,0,0,0,0,0
49,70,11/2/16,3/18/20,0.160844842,0.411389206,0,0,0,0,0,11,38,61,90,121,153,176,194,194,194,193,198,198,0,0,0,0,0
50,72,7/18/16,,0.144683324,0.411389206,0,0,0,13,13,13,15,18,41,52,76,95,93,109,99,112,128,120,254,245,250,249,249
51,73,2/8/18,,0.039096438,0.411389206,0,0,0,0,0,0,0,0,0,0,4,6,6,6,7,7,9,27,25,34,35,44,45
52,74,3/21/16,,0.008152174,0.411389206,0,0,0,0,0,0,0,5,6,9,10,16,17,17,17,18,17,15,15,15,15,15,15
53,75,9/1/16,,0.008219178,0.411389206,0,0,0,0,0,0,0,2,2,6,7,8,14,14,16,16,13,13,12,12,0,0,0
54,76,10/6/17,,0.082288401,0.411389206,0,0,0,0,0,0,0,0,3,4,17,36,39,64,57,67,56,48,59,56,74,104,105
55,77,1/18/18,,6.642491468,0.411389206,0,0,0,0,0,0,0,0,0,0,214,752,1529,2098,2538,2865,3174,3981,4848,5966,6382,7035,7785
56,78,3/30/16,,0.170398689,0.411389206,0,0,0,0,0,4,5,16,26,42,59,61,70,102,99,112,131,150,201,200,308,313,312
57,79,6/13/16,,0.0261959,0.411389206,0,0,0,21,22,45,45,45,45,46,46,46,46,46,46,46,46,46,46,46,46,46,46
58,80,6/18/17,,0.158730159,0.411389206,0,0,0,0,0,0,0,0,1,38,43,70,68,94,109,128,174,179,194,154,160,203,220
59,81,9/5/17,11/19/19,0.098258707,0.411389206,0,0,0,0,0,0,0,0,8,39,299,305,79,79,79,79,79,0,0,0,0,0,0
60,82,4/5/17,,0.160958904,0.411389206,0,0,0,0,0,0,3,3,22,62,92,163,229,263,305,296,294,172,178,185,208,215,235
61,83,10/21/15,,0.16064257,0.411389206,0,1,6,21,33,49,65,86,102,110,120,144,173,189,217,228,246,278,296,313,321,320,320
62,84,4/10/17,5/14/19,0.001310616,0.411389206,0,0,0,0,0,0,0,1,1,1,1,1,1,1,1,0,0,0,0,0,0,0,0
63,86,11/15/15,,0.034570412,0.411389206,0,0,3,14,39,56,78,108,135,160,198,242,236,33,83,121,36,142,98,61,107,18,68
64,87,11/29/17,,0.015548282,0.411389206,0,0,0,0,0,0,0,0,0,34,83,155,225,295,323,346,343,220,223,35,19,19,19
65,89,9/14/17,8/24/18,0.005830904,0.411389206,0,0,0,0,0,0,0,0,2,2,2,2,0,0,0,0,0,0,0,0,0,0,0
66,90,10/24/17,3/8/19,0.543086172,0.411389206,0,0,0,0,0,0,0,0,0,4,63,168,347,269,0,0,0,0,0,0,0,0,0
67,91,11/28/17,11/30/18,0.254098361,0.411389206,0,0,0,0,0,0,0,0,0,46,52,81,80,0,0,0,0,0,0,0,0,0,0
68,93,6/27/17,,0.007988381,0.411389206,0,0,0,0,0,0,0,9,10,10,10,10,10,10,10,10,10,10,10,10,10,11,11
69,96,8/24/17,11/7/18,0.006833713,0.411389206,0,0,0,0,0,0,0,0,6,12,24,25,16,0,0,0,0,0,0,0,0,0,0
70,98,2/26/16,,0.00804721,0.411389206,0,0,0,0,0,0,0,0,0,2,2,15,16,16,18,18,19,19,25,15,15,15,15
71,99,11/8/17,,0.271922768,0.411389206,0,0,0,0,0,0,0,0,0,5,19,47,72,96,140,206,263,280,337,338,338,338,338
72,100,3/22/17,8/23/18,0.001930502,0.411389206,0,0,0,0,0,0,1,1,1,1,1,1,0,0,0,0,0,0,0,0,0,0,0
73,102,8/14/17,,0.62979684,0.411389206,0,0,0,0,0,0,0,0,5,62,142,246,300,328,339,362,404,488,80,544,825,837,837
74,103,11/24/15,,0.01072523,0.411389206,0,0,0,1,1,1,3,15,26,27,27,30,30,32,34,33,35,30,32,33,33,33,21
75,105,9/28/17,,0.134735203,0.411389206,0,0,0,0,0,0,0,0,1,14,17,20,27,14,19,40,84,90,116,136,163,139,173
76,106,8/1/17,3/15/19,0.038983051,0.411389206,0,0,0,0,0,0,0,0,54,80,83,84,84,21,0,0,0,0,0,0,0,0,0
77,107,2/9/18,,0.226086957,0.411389206,0,0,0,0,0,0,0,0,0,0,16,27,39,39,48,82,101,118,188,160,166,217,260
78,109,7/6/17,,0.209064328,0.411389206,0,0,0,0,0,0,0,0,30,38,91,92,188,182,204,254,291,301,306,250,273,276,286
79,110,2/12/18,10/23/20,0.0508647,0.411389206,0,0,0,0,0,0,0,0,0,0,15,22,60,79,96,99,107,96,49,49,50,0,0
80,112,6/20/17,,1.101878613,0.411389206,0,0,0,0,0,0,0,5,31,285,426,886,979,1493,1378,1386,1546,1666,1627,1545,1540,1525,1525
81,113,5/8/17,,0.290819902,0.411389206,0,0,0,0,0,0,0,20,23,56,111,115,126,147,172,187,230,258,293,328,366,397,415
82,114,6/29/16,,0.082183908,0.411389206,0,0,0,0,0,26,26,26,39,74,88,152,127,134,129,124,133,146,154,155,156,144,143
83,115,4/11/16,,0.015942826,0.411389206,0,0,3,8,13,13,14,14,14,15,17,21,23,23,23,25,32,33,29,32,36,32,29
84,116,4/17/17,,0.026933702,0.411389206,0,0,0,0,0,0,3,11,14,14,16,18,18,23,26,32,32,32,33,39,39,39,39
85,117,4/5/17,,0.105479452,0.411389206,0,0,0,0,0,0,39,58,65,86,92,96,102,114,124,132,138,144,143,154,154,154,154
86,118,3/4/16,,0.003769521,0.411389206,0,0,1,1,1,2,4,6,9,13,15,15,13,13,10,8,8,7,7,7,7,7,7
87,119,7/12/17,,0.712922173,0.411389206,0,0,0,0,0,0,0,19,19,19,19,38,42,58,109,317,528,708,747,692,792,881,971
88,120,10/25/16,,0.315659679,0.411389206,0,0,0,0,0,1,2,40,61,77,93,127,159,157,175,175,183,200,212,268,299,382,512
89,121,6/2/17,,0.013552069,0.411389206,0,0,0,0,0,0,0,8,9,14,17,19,19,19,19,19,19,19,19,19,19,19,19
90,122,2/28/18,,0.094606543,0.411389206,0,0,0,0,0,0,0,0,0,0,2,38,66,80,98,102,41,65,85,109,111,108,107
91,123,3/1/16,9/7/17,0.063176895,0.411389206,0,0,2,2,3,5,12,23,0,0,0,0,0,0,0,0,0,0,0,0,0,0,0
92,124,6/29/17,,0.413090909,0.411389206,0,0,0,0,0,0,0,0,2,6,10,58,67,105,107,134,202,241,274,325,419,507,568
93,125,2/9/16,1/20/21,0.00055371,0.411389206,0,0,8,8,9,12,14,14,15,15,15,15,9,9,9,9,10,10,10,10,1,0,0
94,126,3/22/17,3/22/18,0.03021978,0.411389206,0,0,0,0,0,0,11,11,11,11,0,0,0,0,0,0,0,0,0,0,0,0,0
95,128,12/2/16,2/2/17,0.540983607,0.411389206,0,0,0,0,0,10,0,0,0,0,0,0,0,0,0,0,0,0,0,0,0,0,0
96,130,2/8/17,,0.009894459,0.411389206,0,0,0,0,0,0,28,30,30,30,38,45,46,9,11,15,13,14,15,15,15,15,15
97,131,1/19/18,,0.252775406,0.411389206,0,0,0,0,0,0,0,0,0,4,29,60,73,84,145,205,207,206,289,261,266,277,296
98,132,1/30/18,1/25/21,0.048623853,0.411389206,0,0,0,0,0,0,0,0,0,0,50,170,327,359,485,618,574,188,176,176,176,56,0
99,133,3/3/16,3/18/21,0.35280509,0.411389206,0,0,0,0,0,0,0,33,94,160,223,223,248,537,555,566,567,1058,516,573,600,0,0
100,139,5/25/18,,0.16076555,0.411389206,0,0,0,0,0,0,0,0,0,0,0,0,0,0,0,4,8,96,106,104,154,151,168
101,143,7/3/18,,0.109343936,0.411389206,0,0,0,0,0,0,0,0,0,0,0,21,17,17,17,18,127,140,156,98,107,105,110
102,144,7/25/18,,0.43800813,0.411389206,0,0,0,0,0,0,0,0,0,0,0,0,9,25,59,124,215,262,297,330,373,401,431
103,145,7/27/18,1/4/21,0.01010101,0.411389206,0,0,0,0,0,0,0,0,0,0,0,0,11,11,11,12,12,12,12,9,9,0,0
104,146,7/20/18,,0.018200202,0.411389206,0,0,0,0,0,0,0,0,0,0,0,2,4,49,117,186,290,368,432,488,317,323,18
105,147,8/1/18,,2.583418629,0.411389206,0,0,0,0,0,0,0,0,0,0,0,0,31,290,971,1413,2290,2779,2969,2278,2134,2377,2524
106,148,8/1/18,,0.018423746,0.411389206,0,0,0,0,0,0,0,0,0,0,0,0,20,11,18,26,39,39,39,48,46,20,18
107,149,8/2/18,,0.136270492,0.411389206,0,0,0,0,0,0,0,0,0,0,0,0,100,125,130,129,129,128,132,134,134,133,133
108,425,6/13/19,,0.069591528,0.411389206,0,0,0,0,0,0,0,0,0,0,0,0,0,0,0,24,30,36,36,36,38,41,46
109,504,11/12/18,,0.043478261,0.411389206,0,0,0,0,0,0,0,0,0,0,0,0,0,62,114,117,121,292,212,208,38,38,38
110,561,3/6/18,,0.036444444,0.411389206,0,0,0,0,0,0,0,0,0,0,3,22,28,31,28,28,28,37,41,41,41,41,41
111,615,1/19/18,,2.883859949,0.411389206,0,0,0,0,0,0,0,0,0,2,82,413,1010,1407,1556,1787,2053,186,202,420,1073,2355,3377
112,744,10/19/18,,0.023385301,0.411389206,0,0,0,0,0,0,0,0,0,0,0,0,18,33,39,70,33,22,21,21,21,21,21
113,1270,4/4/18,,0.147810219,0.411389206,0,0,0,0,0,0,0,0,0,0,40,47,74,96,115,151,182,218,125,123,155,180,162
114,1389,3/16/19,,1.504,0.411389206,0,0,0,0,0,0,0,0,0,0,0,0,0,0,490,617,733,840,1006,1029,1057,1107,1128
115,1747,4/26/18,3/13/20,0.029154519,0.411389206,0,0,0,0,0,0,0,0,0,0,0,24,12,18,19,20,20,20,0,0,0,0,0
116,1907,2/19/20,,0.212195122,0.411389206,0,0,0,0,0,0,0,0,0,0,0,0,0,0,0,0,0,0,44,59,77,91,87
117,2230,5/30/18,11/29/18,0.016483517,0.411389206,0,0,0,0,0,0,0,0,0,0,0,57,156,0,0,0,0,0,0,0,0,0,0
118,2410,11/1/16,1/17/20,0.039282664,0.411389206,0,0,0,0,0,0,0,0,1,6,15,26,38,44,46,46,46,0,0,0,0,0,0
119,2435,2/24/20,2/26/20,9,0.411389206,0,0,0,0,0,0,0,0,0,0,0,0,0,0,0,0,0,0,0,0,0,0,0
120,2675,8/27/19,,0.040955631,0.411389206,0,0,0,0,0,0,0,0,0,0,0,0,0,0,0,0,14,14,18,22,24,24,24
121,2726,6/11/18,10/2/20,0.028469751,0.411389206,0,0,0,0,0,0,0,0,0,0,0,31,24,24,25,25,21,24,24,24,0,0,0
122,2828,12/1/15,4/2/18,0.180751174,0.411389206,0,0,0,0,150,150,153,154,154,154,0,0,0,0,0,0,0,0,0,0,0,0,0
123,3323,3/15/19,,0.105193076,0.411389206,0,0,0,0,0,0,0,0,0,0,0,0,0,0,18,32,57,55,71,71,71,79,79
124,3330,1/15/18,,5.978723404,0.411389206,0,0,0,0,0,0,0,0,0,154,235,647,1013,1412,1764,2423,3026,4053,4450,5069,5463,6241,7025
125,3607,8/8/18,,0.420618557,0.411389206,0,0,0,0,0,0,0,0,0,0,0,0,7,19,43,81,157,194,254,289,371,409,408
126,3622,12/7/17,12/18/19,0.013513514,0.411389206,0,0,0,0,0,0,0,0,0,0,0,1,6,9,10,10,10,0,0,0,0,0,0
127,3897,9/17/18,,0.082795699,0.411389206,0,0,0,0,0,0,0,0,0,0,0,0,9,34,58,65,69,69,69,68,69,76,77
128,3925,5/18/18,4/15/19,0.187311178,0.411389206,0,0,0,0,0,0,0,0,0,0,0,36,55,61,0,0,0,0,0,0,0,0,0
129,4370,2/15/19,4/1/19,0.181818182,0.411389206,0,0,0,0,0,0,0,0,0,0,0,0,0,0,0,0,0,0,0,0,0,0,0
130,4605,7/15/18,4/4/19,0.061068702,0.411389206,0,0,0,0,0,0,0,0,0,0,0,9,10,9,0,0,0,0,0,0,0,0,0
131,5088,5/4/18,12/2/20,0.008492569,0.411389206,0,0,0,0,0,0,0,0,0,0,0,20,31,31,69,101,152,128,57,58,26,0,0
132,5127,2/3/19,,0.102402023,0.411389206,0,0,0,0,0,0,0,0,0,0,0,0,0,0,14,18,21,16,20,25,41,66,81
133,5210,4/4/18,,0.028284672,0.411389206,0,0,0,0,0,0,0,0,0,0,0,8,16,23,25,26,35,37,37,38,38,38,31
134,5293,11/18/15,,0.010692464,0.411389206,0,0,0,0,0,1,2,2,2,2,4,12,19,23,19,21,21,26,30,18,24,19,21
135,5340,3/7/19,,0.031620553,0.411389206,0,0,0,0,0,0,0,0,0,0,0,0,0,0,18,21,22,39,38,23,20,21,24
136,5436,4/10/18,7/11/18,0.021978022,0.411389206,0,0,0,0,0,0,0,0,0,0,2,0,0,0,0,0,0,0,0,0,0,0,0
137,5571,10/29/19,3/10/21,0.01609658,0.411389206,0,0,0,0,0,0,0,0,0,0,0,0,0,0,0,0,0,38,41,42,40,8,0
138,5768,10/18/18,,0.047830923,0.411389206,0,0,0,0,0,0,0,0,0,0,0,0,15,34,38,40,41,44,44,43,43,43,43
139,5803,1/7/20,,0.057395144,0.411389206,0,0,0,0,0,0,0,0,0,0,0,0,0,0,0,0,0,7,8,10,14,24,26
140,5881,10/21/15,,0.28062249,0.411389206,7,21,29,47,53,62,67,76,98,154,258,386,470,549,591,687,825,653,785,860,946,956,559
141,6045,1/16/17,6/16/17,0.046666667,0.411389206,0,0,0,0,0,0,4,0,0,0,0,0,0,0,0,0,0,0,0,0,0,0,0
142,6209,10/31/18,9/12/19,0.076190476,0.411389206,0,0,0,0,0,0,0,0,0,0,0,0,0,24,24,24,0,0,0,0,0,0,0
143,6416,3/1/19,3/1/21,0.083561644,0.411389206,0,0,0,0,0,0,0,0,0,0,0,0,0,0,21,32,28,31,50,54,60,61,0
144,6594,4/20/16,,0.460220995,0.411389206,0,0,0,0,0,0,0,0,0,0,0,0,0,59,95,160,192,274,360,450,544,705,833
145,6631,1/5/21,,0.471910112,0.411389206,0,0,0,0,0,0,0,0,0,0,0,0,0,0,0,0,0,0,0,0,0,41,42
146,6739,9/13/18,,0.026766595,0.411389206,0,0,0,0,0,0,0,0,0,0,0,0,3,2,6,7,12,14,20,20,22,23,25
147,7165,7/18/18,,0.181634712,0.411389206,0,0,0,0,0,0,0,0,0,0,0,0,15,24,24,39,79,102,128,147,158,169,180
148,7171,1/10/19,2/17/21,0.024739583,0.411389206,0,0,0,0,0,0,0,0,0,0,0,0,0,14,19,19,19,19,19,19,19,19,0
149,7181,4/10/17,,0.021993127,0.411389206,0,0,0,0,0,0,3,6,7,14,14,17,16,22,23,43,130,224,266,268,233,27,32
150,7676,1/5/21,,0.157303371,0.411389206,0,0,0,0,0,0,0,0,0,0,0,0,0,0,0,0,0,0,0,0,0,12,14
151,7805,11/26/15,1/27/17,0.088992974,0.411389206,0,7,12,17,36,38,0,0,0,0,0,0,0,0,0,0,0,0,0,0,0,0,0
152,7845,4/4/18,5/8/18,0.151515152,0.411389206,0,0,0,0,0,0,0,0,0,0,5,0,0,0,0,0,0,0,0,0,0,0,0
153,7960,5/2/18,,0.133895131,0.411389206,0,0,0,0,0,0,0,0,0,0,0,16,29,26,30,32,34,26,39,85,123,130,143
154,7963,8/7/20,,0.508333333,0.411389206,0,0,0,0,0,0,0,0,0,0,0,0,0,0,0,0,0,0,0,0,52,120,122
155,7979,3/30/18,11/3/18,0.02764977,0.411389206,0,0,0,0,0,0,0,0,0,0,6,7,6,0,0,0,0,0,0,0,0,0,0
156,8212,6/14/18,,0.012682927,0.411389206,0,0,0,0,0,0,0,0,0,0,0,18,24,21,17,27,24,39,31,13,13,13,13
157,8214,4/27/19,,0.039548023,0.411389206,0,0,0,0,0,0,0,0,0,0,0,0,0,0,0,15,6,10,16,17,19,23,28
158,8481,8/16/16,10/31/19,1.094190141,0.411389206,0,0,0,0,0,0,0,0,1,1,17,45,400,442,965,1021,0,0,0,0,0,0,0
159,8488,3/20/19,1/21/21,0.010736196,0.411389206,0,0,0,0,0,0,0,0,0,0,0,0,0,0,5,5,7,7,7,7,7,0,0
160,8552,8/13/18,8/7/19,0.505586592,0.411389206,0,0,0,0,0,0,0,0,0,0,0,0,45,73,134,189,0,0,0,0,0,0,0
161,8742,3/27/17,,2.031313819,0.411389206,0,0,0,0,0,0,148,495,889,1351,1846,2611,4237,6522,9574,6532,7858,8896,8943,9010,9017,2116,2984
162,8791,4/5/17,1/5/18,0.032846715,0.411389206,0,0,0,0,0,0,6,9,9,0,0,0,0,0,0,0,0,0,0,0,0,0,0
163,8820,12/26/19,8/17/20,0.038461539,0.411389206,0,0,0,0,0,0,0,0,0,0,0,0,0,0,0,0,0,16,10,11,0,0,0
164,8934,5/9/18,,0.017907634,0.411389206,0,0,0,0,0,0,0,0,0,0,0,3,6,6,11,14,14,16,17,17,17,19,19
165,9427,3/30/18,,0.0835604,0.411389206,0,0,0,0,0,0,0,0,0,0,1,65,107,105,106,123,182,74,91,92,92,92,92
166,9634,6/27/18,,0.197628459,0.411389206,0,0,0,0,0,0,0,0,0,0,0,13,36,40,42,65,96,127,156,166,160,187,200
167,9719,2/1/18,,0.060747664,0.411389206,0,0,0,0,0,0,0,0,0,0,9,10,18,34,37,37,38,0,0,0,0,0,0
168,10027,7/16/18,,0.03021148,0.411389206,0,0,0,0,0,0,0,0,0,0,0,3,6,14,13,11,18,22,22,21,28,26,30
169,10120,4/26/19,3/12/20,0.146875,0.411389206,0,0,0,0,0,0,0,0,0,0,0,0,0,0,0,46,47,47,0,0,0,0,0
170,10465,8/14/18,,0.010373444,0.411389206,0,0,0,0,0,0,0,0,0,0,0,0,21,21,23,24,22,23,23,20,22,21,10
171,10585,7/1/19,3/10/21,0.01458671,0.411389206,0,0,0,0,0,0,0,0,0,0,0,0,0,0,0,10,11,11,11,11,10,9,0
172,10592,4/14/19,,0.047156727,0.411389206,0,0,0,0,0,0,0,0,0,0,0,0,0,0,18,24,20,23,30,34,34,34,34
173,10616,11/21/17,1/1/18,0.15,0.411389206,0,0,0,0,0,0,0,0,0,0,0,0,0,0,0,0,0,0,0,0,0,0,0
174,10619,4/1/18,,0.181073703,0.411389206,0,0,0,0,0,0,0,0,0,0,20,26,45,44,53,98,127,150,152,167,194,197,199
175,10722,1/8/19,,0.047735618,0.411389206,0,0,0,0,0,0,0,0,0,0,0,0,0,19,21,30,25,31,36,37,39,39,39
176,10887,10/21/19,,0.09039548,0.411389206,0,0,0,0,0,0,0,0,0,0,0,0,0,0,0,0,20,23,24,25,38,46,48
177,10911,5/7/18,4/10/19,0.080118694,0.411389206,0,0,0,0,0,0,0,0,0,0,0,34,34,39,0,0,0,0,0,0,0,0,0
178,10980,5/25/17,8/2/17,0.014705882,0.411389206,0,0,0,0,0,0,0,1,0,0,0,0,0,0,0,0,0,0,0,0,0,0,0
179,11298,11/12/18,,0.766590389,0.411389206,0,0,0,0,0,0,0,0,0,0,0,0,0,21,31,42,36,193,219,228,204,305,670
180,11328,4/26/18,,0.311918063,0.411389206,0,0,0,0,0,0,0,0,0,0,0,22,37,58,91,86,114,198,236,240,338,335,335
181,11446,11/13/18,,0.068728522,0.411389206,0,0,0,0,0,0,0,0,0,0,0,0,0,12,24,34,38,43,47,48,48,54,60
182,11671,2/28/18,,0.611847922,0.411389206,0,0,0,0,0,0,0,0,0,0,389,453,470,471,497,542,635,668,693,692,692,692,692
183,11827,2/28/18,,0.389036251,0.411389206,0,0,0,0,0,0,0,0,0,0,0,0,0,0,0,1,1,1,6,6,438,439,440
184,11930,8/12/18,9/30/18,1.375,0.411389206,0,0,0,0,0,0,0,0,0,0,0,0,0,0,0,0,0,0,0,0,0,0,0
185,12274,11/23/18,,0.59212051,0.411389206,0,0,0,0,0,0,0,0,0,0,0,0,0,16,22,29,43,65,111,129,228,356,511
186,12368,4/9/19,6/9/20,0.011737089,0.411389206,0,0,0,0,0,0,0,0,0,0,0,0,0,0,25,32,14,14,5,0,0,0,0
187,12458,5/29/19,3/3/20,0.071942446,0.411389206,0,0,0,0,0,0,0,0,0,0,0,0,0,0,0,18,20,20,0,0,0,0,0
188,12639,4/29/19,,0.107648725,0.411389206,0,0,0,0,0,0,0,0,0,0,0,0,0,0,0,53,53,53,53,62,63,76,76
189,12810,5/28/18,,0.141074856,0.411389206,0,0,0,0,0,0,0,0,0,0,0,8,12,23,26,37,51,56,63,75,87,120,147
190,12887,8/31/19,12/24/19,0.324561404,0.411389206,0,0,0,0,0,0,0,0,0,0,0,0,0,0,0,0,37,0,0,0,0,0,0
191,12975,8/23/17,,0.784848485,0.411389206,0,0,0,0,0,0,0,0,119,205,214,224,261,606,610,633,641,920,946,964,978,992,1036
192,13028,5/29/19,,0.044378698,0.411389206,0,0,0,0,0,0,0,0,0,0,0,0,0,0,0,10,12,17,21,25,27,30,30
193,13038,1/25/19,,0.05375,0.411389206,0,0,0,0,0,0,0,0,0,0,0,0,0,0,13,12,12,14,0,11,12,29,43
194,13328,5/10/19,,0.057553957,0.411389206,0,0,0,0,0,0,0,0,0,0,0,0,0,0,0,15,15,27,24,25,28,33,40
195,13382,8/29/18,,0.021074816,0.411389206,0,0,0,0,0,0,0,0,0,0,0,0,20,19,19,19,19,19,19,19,19,20,20
196,13507,6/13/18,,0.38791423,0.411389206,0,0,0,0,0,0,0,0,0,0,0,14,43,33,67,77,172,193,269,296,349,359,398
197,13863,6/29/18,9/25/18,0.057471264,0.411389206,0,0,0,0,0,0,0,0,0,0,0,16,0,0,0,0,0,0,0,0,0,0,0
198,13871,10/30/18,2/26/19,0.093220339,0.411389206,0,0,0,0,0,0,0,0,0,0,0,0,0,11,0,0,0,0,0,0,0,0,0
199,14483,8/22/17,10/22/19,0.019736842,0.411389206,0,0,0,0,0,0,0,0,0,1,4,7,9,10,12,0,0,0,0,0,0,0,0
200,14504,1/25/18,,0.411158798,0.411389206,0,0,0,0,0,0,0,0,0,0,1,1,1,1,1,61,87,111,135,164,248,351,479
201,14663,7/23/18,7/10/20,0.013947001,0.411389206,0,0,0,0,0,0,0,0,0,0,0,0,48,50,20,20,20,20,20,0,0,0,0
202,14731,6/7/18,,0.054263566,0.411389206,0,0,0,0,0,0,0,0,0,0,0,15,20,27,23,23,28,41,31,42,45,49,56
203,14995,3/26/18,,0.218099548,0.411389206,0,0,0,0,0,0,0,0,0,0,10,21,32,46,62,85,143,162,173,173,215,227,241
204,15051,7/4/18,7/24/19,0.052083333,0.411389206,0,0,0,0,0,0,0,0,0,0,0,11,21,21,21,20,0,0,0,0,0,0,0
205,15287,5/3/19,,0.051282051,0.411389206,0,0,0,0,0,0,0,0,0,0,0,0,0,0,0,18,23,22,20,24,26,32,36
206,15437,7/31/19,,0.911908646,0.411389206,0,0,0,0,0,0,0,0,0,0,0,0,0,0,0,0,187,188,219,219,314,386,559
207,15711,7/27/18,1/28/20,0.016393443,0.411389206,0,0,0,0,0,0,0,0,0,0,0,0,16,16,16,16,16,16,0,0,0,0,0
208,15852,7/7/18,11/8/18,0.138211382,0.411389206,0,0,0,0,0,0,0,0,0,0,0,17,17,0,0,0,0,0,0,0,0,0,0
209,16213,11/27/20,,0.125,0.411389206,0,0,0,0,0,0,0,0,0,0,0,0,0,0,0,0,0,0,0,0,0,14,16
210,16493,11/28/17,,0.046606705,0.411389206,0,0,0,0,0,0,0,0,0,0,5,9,44,142,105,108,111,112,104,53,56,77,57
211,16494,7/12/18,4/15/20,0.087227414,0.411389206,0,0,0,0,0,0,0,0,0,0,0,7,38,42,44,52,57,54,0,0,0,0,0
212,16662,3/4/19,,0.053805774,0.411389206,0,0,0,0,0,0,0,0,0,0,0,0,0,0,32,31,31,34,31,36,41,41,41
213,16902,7/2/18,,0.028089888,0.411389206,0,0,0,0,0,0,0,0,0,0,0,14,16,18,19,26,27,25,25,25,25,0,0
214,17017,9/1/18,,0.195560254,0.411389206,0,0,0,0,0,0,0,0,0,0,0,0,177,185,185,185,185,185,185,185,185,185,185
215,17146,9/3/19,,0.001893939,0.411389206,0,0,0,0,0,0,0,0,0,0,0,0,0,0,0,0,6,11,6,8,0,0,0
216,17341,7/27/18,,0.00916497,0.411389206,0,0,0,0,0,0,0,0,0,0,0,0,17,27,32,42,47,48,49,49,27,27,9
217,17358,8/11/17,6/20/20,0.043144775,0.411389206,0,0,0,0,0,0,0,0,7,7,11,21,21,23,25,30,38,41,45,0,0,0,0
218,17522,8/22/18,2/11/19,0.412790698,0.411389206,0,0,0,0,0,0,0,0,0,0,0,0,71,71,0,0,0,0,0,0,0,0,0
219,17556,4/9/18,,0.005499542,0.411389206,0,0,0,0,0,0,0,0,0,0,8,10,6,6,6,6,6,6,6,6,6,6,6
220,17719,12/1/15,3/7/18,0.010895884,0.411389206,0,3,9,9,9,9,9,9,9,9,0,0,0,0,0,0,0,0,0,0,0,0,0
221,17807,1/7/19,8/10/19,0.074766355,0.411389206,0,0,0,0,0,0,0,0,0,0,0,0,0,12,14,15,0,0,0,0,0,0,0
222,17884,1/7/19,,0.160146699,0.411389206,0,0,0,0,0,0,0,0,0,0,0,0,0,17,17,22,29,44,66,71,101,119,131
223,18083,5/23/18,2/2/19,0.039370079,0.411389206,0,0,0,0,0,0,0,0,0,0,0,15,12,12,0,0,0,0,0,0,0,0,0
224,18147,5/8/19,,0.025824964,0.411389206,0,0,0,0,0,0,0,0,0,0,0,0,0,0,0,13,13,14,16,17,18,19,18
225,18179,8/7/18,8/3/19,0.055555556,0.411389206,0,0,0,0,0,0,0,0,0,0,0,0,15,20,20,20,0,0,0,0,0,0,0
226,18242,8/8/18,12/8/18,0.033057851,0.411389206,0,0,0,0,0,0,0,0,0,0,0,0,4,0,0,0,0,0,0,0,0,0,0
227,18370,3/6/18,,0.123555556,0.411389206,0,0,0,0,0,0,0,0,0,0,0,0,28,31,83,123,139,153,142,136,138,140,139
228,18488,7/15/19,,0.069952305,0.411389206,0,0,0,0,0,0,0,0,0,0,0,0,0,0,0,6,6,7,10,50,21,20,44
229,18501,6/10/19,,0.034638554,0.411389206,0,0,0,0,0,0,0,0,0,0,0,0,0,0,0,19,20,22,32,31,24,24,23
230,18679,6/13/18,7/13/18,0.103448276,0.411389206,0,0,0,0,0,0,0,0,0,0,0,0,0,0,0,0,0,0,0,0,0,0,0
231,18699,7/6/18,,0.181455633,0.411389206,0,0,0,0,0,0,0,0,0,0,0,12,50,48,53,49,65,92,108,129,129,170,182
232,18759,2/16/18,3/5/19,0.020997375,0.411389206,0,0,0,0,0,0,0,0,0,0,8,8,8,8,0,0,0,0,0,0,0,0,0
233,19061,6/1/19,,0.008915305,0.411389206,0,0,0,0,0,0,0,0,0,0,0,0,0,0,0,4,8,3,4,6,4,5,6
234,19539,6/11/19,,0.015082956,0.411389206,0,0,0,0,0,0,0,0,0,0,0,0,0,0,0,25,25,21,19,20,40,22,10
235,19608,7/24/18,2/25/21,0.093023256,0.411389206,0,0,0,0,0,0,0,0,0,0,0,0,45,43,50,55,75,87,88,88,88,88,0
236,19708,1/13/20,,2.686800895,0.411389206,0,0,0,0,0,0,0,0,0,0,0,0,0,0,0,0,0,1057,1107,1177,1186,1199,1201
237,19765,4/24/18,,1.317843866,0.411389206,0,0,0,0,0,0,0,0,0,0,0,163,323,431,645,773,631,701,875,1118,1300,1283,1418
238,19826,9/9/20,11/9/20,0.133333333,0.411389206,0,0,0,0,0,0,0,0,0,0,0,0,0,0,0,0,0,0,0,0,10,0,0
239,19880,9/10/18,,0.007470651,0.411389206,0,0,0,0,0,0,0,0,0,0,0,0,11,14,9,19,24,24,24,24,7,7,7
240,19915,5/22/18,,0.070610687,0.411389206,0,0,0,0,0,0,0,0,0,0,0,0,0,5,1,2,2,2,71,72,72,74,74
241,20363,9/25/18,,0.121475054,0.411389206,0,0,0,0,0,0,0,0,0,0,0,0,6,11,16,26,35,35,53,88,103,109,112
242,20532,1/5/19,,0.114634146,0.411389206,0,0,0,0,0,0,0,0,0,0,0,0,0,18,28,36,39,53,54,62,65,79,94
243,20533,6/28/18,,0.182987141,0.411389206,0,0,0,0,0,0,0,0,0,0,0,2,6,6,9,18,11,88,85,98,174,174,185
244,20547,11/29/18,,1.284714119,0.411389206,0,0,0,0,0,0,0,0,0,0,0,0,0,15,121,307,610,750,971,1000,1033,1087,1101
245,20557,4/23/18,,0.005571031,0.411389206,0,0,0,0,0,0,0,0,0,0,0,7,10,11,13,11,11,6,6,6,6,6,6
246,20732,11/7/18,5/6/19,0.581005587,0.411389206,0,0,0,0,0,0,0,0,0,0,0,0,0,90,95,0,0,0,0,0,0,0,0
247,20770,12/10/19,,0.222453223,0.411389206,0,0,0,0,0,0,0,0,0,0,0,0,0,0,0,0,0,54,81,93,97,100,107
248,20890,7/2/19,12/20/19,0.035294118,0.411389206,0,0,0,0,0,0,0,0,0,0,0,0,0,0,0,13,6,0,0,0,0,0,0
249,21021,7/30/18,,0.149131767,0.411389206,0,0,0,0,0,0,0,0,0,0,0,0,0,0,12,60,62,68,74,89,102,120,146
250,21119,7/21/18,,0.020242915,0.411389206,0,0,0,0,0,0,0,0,0,0,0,5,14,17,17,20,20,20,20,20,20,20,20
251,21281,9/14/18,,0.390139336,0.411389206,0,0,0,0,0,0,0,0,0,0,0,0,17,35,42,50,72,126,188,246,253,314,364
252,22711,7/18/18,,0.131180626,0.411389206,0,0,0,0,0,0,0,0,0,0,0,10,19,34,51,71,96,110,121,134,118,123,130
253,22739,8/18/16,9/18/16,3.366666667,0.411389206,0,0,0,0,0,0,0,0,0,0,0,0,0,0,0,0,0,0,0,0,0,0,0
254,22758,8/14/18,,0.036307054,0.411389206,0,0,0,0,0,0,0,0,0,0,0,0,35,35,35,35,35,35,35,35,35,35,35
255,22762,7/1/17,,0.038601602,0.411389206,0,0,0,0,0,0,0,1,36,81,714,1278,2009,2497,2743,397,266,755,118,171,144,70,53
256,24681,5/2/20,,0.023738872,0.411389206,0,0,0,0,0,0,0,0,0,0,0,0,0,0,0,0,0,0,0,12,12,12,8
257,26123,10/14/19,11/3/19,0.789473684,0.411389206,0,0,0,0,0,0,0,0,0,0,0,0,0,0,0,0,16,0,0,0,0,0,0
258,26657,4/16/20,,0.04815864,0.411389206,0,0,0,0,0,0,0,0,0,0,0,0,0,0,0,0,0,0,11,12,13,14,17
259,26983,7/25/17,,0.011860638,0.411389206,0,0,0,0,0,0,0,0,14,15,16,16,16,16,16,16,16,16,16,16,16,16,16
260,27118,8/15/16,1/15/17,0.02631579,0.411389206,0,0,0,0,4,0,0,0,0,0,0,0,0,0,0,0,0,0,0,0,0,0,0
261,27123,8/14/18,,0.017634855,0.411389206,0,0,0,0,0,0,0,0,0,0,0,0,12,14,14,14,14,14,16,17,17,17,17
262,27131,1/4/16,1/4/17,0.005479452,0.411389206,0,2,2,2,2,0,0,0,0,0,0,0,0,0,0,0,0,0,0,0,0,0,0
263,27190,10/27/20,,0.006289308,0.411389206,0,0,0,0,0,0,0,0,0,0,0,0,0,0,0,0,0,0,0,0,0,3,1
264,27358,10/6/20,,0.05,0.411389206,0,0,0,0,0,0,0,0,0,0,0,0,0,0,0,0,0,0,0,0,7,6,9
265,27598,12/8/19,,0.031055901,0.411389206,0,0,0,0,0,0,0,0,0,0,0,0,0,0,0,0,0,12,20,20,14,15,15
266,27678,8/19/19,8/25/19,0.2,0.411389206,0,0,0,0,0,0,0,0,0,0,0,0,0,0,0,0,0,0,0,0,0,0,0
267,27820,8/28/18,8/20/19,0.002808989,0.411389206,0,0,0,0,0,0,0,0,0,0,0,0,0,1,1,1,0,0,0,0,0,0,0
268,27963,3/11/19,,0.014569536,0.411389206,0,0,0,0,0,0,0,0,0,0,0,0,0,0,13,12,12,11,11,11,11,11,11
269,27990,8/22/18,,0.018828452,0.411389206,0,0,0,0,0,0,0,0,0,0,0,0,7,14,16,18,18,18,18,18,18,18,18
270,28255,10/22/18,3/16/21,0.155766944,0.411389206,0,0,0,0,0,0,0,0,0,0,0,0,0,11,38,44,62,89,82,110,128,131,0
271,28261,8/18/19,,0.102521008,0.411389206,0,0,0,0,0,0,0,0,0,0,0,0,0,0,0,0,16,24,32,41,56,65,61
272,28323,1/30/20,,0.479069767,0.411389206,0,0,0,0,0,0,0,0,0,0,0,0,0,0,0,0,0,0,4,78,163,202,206
273,28558,5/7/20,,3.307228916,0.411389206,0,0,0,0,0,0,0,0,0,0,0,0,0,0,0,0,0,0,0,137,355,847,1098
274,28577,2/5/19,3/5/20,0.073791349,0.411389206,0,0,0,0,0,0,0,0,0,0,0,0,0,0,28,28,29,29,0,0,0,0,0
275,28704,9/19/18,,0.021551724,0.411389206,0,0,0,0,0,0,0,0,0,0,0,0,1,1,5,9,14,16,20,29,20,20,20
276,28755,10/11/18,,0.028697572,0.411389206,0,0,0,0,0,0,0,0,0,0,0,0,20,22,20,23,30,32,32,29,26,26,26
277,28794,10/23/18,5/8/20,0.674377224,0.411389206,0,0,0,0,0,0,0,0,0,0,0,0,0,378,295,526,473,438,424,0,0,0,0
278,28966,12/11/18,,0.031952663,0.411389206,0,0,0,0,0,0,0,0,0,0,0,0,0,17,16,19,30,32,28,28,28,27,27
279,28987,10/25/18,,0.072869955,0.411389206,0,0,0,0,0,0,0,0,0,0,0,0,0,3,4,6,42,43,70,65,65,65,65
280,29325,10/23/18,2/5/21,0.009580838,0.411389206,0,0,0,0,0,0,0,0,0,0,0,0,0,43,104,105,116,113,113,8,8,8,0
281,29547,8/13/20,,0.094017094,0.411389206,0,0,0,0,0,0,0,0,0,0,0,0,0,0,0,0,0,0,0,0,22,22,22
282,29548,11/5/18,,0.15323496,0.411389206,0,0,0,0,0,0,0,0,0,0,0,0,0,41,106,135,134,139,136,136,135,135,135
283,29752,11/19/18,,0.070357555,0.411389206,0,0,0,0,0,0,0,0,0,0,0,0,0,19,32,42,63,61,70,74,73,60,61
284,29942,11/1/19,,0.05,0.411389206,0,0,0,0,0,0,0,0,0,0,0,0,0,0,0,0,0,14,26,26,26,26,26
285,29992,2/21/19,,0.027166882,0.411389206,0,0,0,0,0,0,0,0,0,0,0,0,0,0,10,18,20,26,21,21,21,21,21
286,30091,11/4/19,,0.040618956,0.411389206,0,0,0,0,0,0,0,0,0,0,0,0,0,0,0,0,0,19,21,21,21,21,21
287,30270,10/12/20,,0.08045977,0.411389206,0,0,0,0,0,0,0,0,0,0,0,0,0,0,0,0,0,0,0,0,11,11,14
288,30452,7/1/20,,0.050541516,0.411389206,0,0,0,0,0,0,0,0,0,0,0,0,0,0,0,0,0,0,0,13,13,14,14
289,30712,10/22/18,11/5/18,0.615384615,0.411389206,0,0,0,0,0,0,0,0,0,0,0,0,0,0,0,0,0,0,0,0,0,0,0
290,31048,12/11/18,,0.061538462,0.411389206,0,0,0,0,0,0,0,0,0,0,0,0,0,16,30,51,49,52,50,45,50,48,52
291,31232,3/25/19,,0.068825911,0.411389206,0,0,0,0,0,0,0,0,0,0,0,0,0,0,16,16,20,23,24,19,33,42,51
293,31314,12/4/18,2/12/19,0.028985507,0.411389206,0,0,0,0,0,0,0,0,0,0,0,0,0,2,0,0,0,0,0,0,0,0,0
294,31474,3/1/19,5/26/20,0.084257206,0.411389206,0,0,0,0,0,0,0,0,0,0,0,0,0,0,21,65,23,16,17,0,0,0,0
295,31550,12/17/18,,0.008343266,0.411389206,0,0,0,0,0,0,0,0,0,0,0,0,0,7,2,4,4,7,7,8,8,7,7
296,31713,10/31/18,,0.064334086,0.411389206,0,0,0,0,0,0,0,0,0,0,0,0,0,44,61,65,78,72,62,57,57,57,57
297,31887,3/2/19,,0.030104712,0.411389206,0,0,0,0,0,0,0,0,0,0,0,0,0,0,11,15,15,16,20,23,23,23,23
298,31984,4/24/19,4/27/20,0.065217391,0.411389206,0,0,0,0,0,0,0,0,0,0,0,0,0,0,0,24,24,24,24,0,0,0,0
299,32504,11/29/18,,0.296382731,0.411389206,0,0,0,0,0,0,0,0,0,0,0,0,0,10,30,60,79,264,267,274,298,299,254
300,32908,4/17/19,,0.019498607,0.411389206,0,0,0,0,0,0,0,0,0,0,0,0,0,0,11,13,14,18,14,14,14,14,14
301,33222,1/19/19,,0.47146402,0.411389206,0,0,0,0,0,0,0,0,0,0,0,0,0,6,35,127,217,259,307,358,362,367,380
302,33364,12/2/19,,0.083844581,0.411389206,0,0,0,0,0,0,0,0,0,0,0,0,0,0,0,0,0,14,15,16,39,38,41
303,33401,1/5/19,,0.008012821,0.411389206,0,0,0,0,0,0,0,0,0,0,0,0,0,2,13,14,8,8,5,5,0,0,0
304,33444,7/15/19,,0.143084261,0.411389206,0,0,0,0,0,0,0,0,0,0,0,0,0,0,0,14,33,54,25,56,54,81,90
305,33588,9/11/19,,0.127845884,0.411389206,0,0,0,0,0,0,0,0,0,0,0,0,0,0,0,0,18,19,34,41,54,80,73
306,33751,12/20/18,,0.056220096,0.411389206,0,0,0,0,0,0,0,0,0,0,0,0,0,15,30,37,37,43,41,48,46,47,47
307,33758,9/17/19,,0.118584071,0.411389206,0,0,0,0,0,0,0,0,0,0,0,0,0,0,0,0,13,36,39,45,65,64,67
308,33829,12/18/18,,0.016706444,0.411389206,0,0,0,0,0,0,0,0,0,0,0,0,0,9,11,14,14,15,15,19,14,14,14
309,33921,1/15/19,2/29/20,0.012224939,0.411389206,0,0,0,0,0,0,0,0,0,0,0,0,0,5,5,2,5,5,0,0,0,0,0
310,34365,1/16/19,,0.190358467,0.411389206,0,0,0,0,0,0,0,0,0,0,0,0,0,1,2,2,4,4,6,40,46,99,154
311,34418,2/27/19,,5.286831812,0.411389206,0,0,0,0,0,0,0,0,0,0,0,0,0,0,1362,3895,3938,3978,4000,4018,4047,4054,4055
312,34739,2/14/20,,0.101204819,0.411389206,0,0,0,0,0,0,0,0,0,0,0,0,0,0,0,0,0,0,40,40,41,42,42
313,34921,5/26/20,,0.041533546,0.411389206,0,0,0,0,0,0,0,0,0,0,0,0,0,0,0,0,0,0,0,13,9,12,13
314,35193,5/30/19,,0.242962963,0.411389206,0,0,0,0,0,0,0,0,0,0,0,0,0,0,0,32,131,153,160,161,167,170,164
315,35857,1/3/20,,0.083150985,0.411389206,0,0,0,0,0,0,0,0,0,0,0,0,0,0,0,0,0,21,27,27,27,25,38
316,35865,6/21/19,,0.047473201,0.411389206,0,0,0,0,0,0,0,0,0,0,0,0,0,0,0,15,22,25,27,28,27,30,31
317,36004,8/26/19,,0.081771721,0.411389206,0,0,0,0,0,0,0,0,0,0,0,0,0,0,0,0,22,28,21,21,32,40,48
318,36094,5/28/19,4/28/20,0.050746269,0.411389206,0,0,0,0,0,0,0,0,0,0,0,0,0,0,0,10,14,19,17,0,0,0,0
319,36322,1/20/19,,0.002484472,0.411389206,0,0,0,0,0,0,0,0,0,0,0,0,0,1,2,2,2,2,2,2,2,2,2
320,36381,2/11/20,8/11/20,0.110497238,0.411389206,0,0,0,0,0,0,0,0,0,0,0,0,0,0,0,0,0,0,21,21,0,0,0
321,36619,1/29/19,,0.212311558,0.411389206,0,0,0,0,0,0,0,0,0,0,0,0,0,0,68,168,239,242,261,254,187,240,169
322,36967,8/7/19,,0.079207921,0.411389206,0,0,0,0,0,0,0,0,0,0,0,0,0,0,0,0,15,37,45,44,44,45,48
323,37033,7/5/19,,0.064162754,0.411389206,0,0,0,0,0,0,0,0,0,0,0,0,0,0,0,10,17,22,26,29,34,36,41
324,37042,1/11/19,,0.054054054,0.411389206,0,0,0,0,0,0,0,0,0,0,0,0,0,0,0,0,0,0,0,0,0,41,44
325,37266,3/29/19,,0.560379919,0.411389206,0,0,0,0,0,0,0,0,0,0,0,0,0,0,75,120,215,288,323,377,383,391,413
326,37360,4/10/19,,1.006896552,0.411389206,0,0,0,0,0,0,0,0,0,0,0,0,0,0,4,39,106,212,318,404,512,637,730
327,37755,8/5/20,,0.202479339,0.411389206,0,0,0,0,0,0,0,0,0,0,0,0,0,0,0,0,0,0,0,0,30,48,49
328,37768,2/15/19,,0.097560976,0.411389206,0,0,0,0,0,0,0,0,0,0,0,0,0,0,21,11,12,19,34,33,51,57,76
329,37784,5/16/19,,0.606676343,0.411389206,0,0,0,0,0,0,0,0,0,0,0,0,0,0,0,20,39,64,167,362,432,442,418
330,38003,4/5/19,,0.04520548,0.411389206,0,0,0,0,0,0,0,0,0,0,0,0,0,0,4,17,25,27,18,24,20,28,33
331,38160,9/19/19,,0.058614565,0.411389206,0,0,0,0,0,0,0,0,0,0,0,0,0,0,0,0,12,12,14,14,15,32,33
332,38202,2/11/19,,0.104725415,0.411389206,0,0,0,0,0,0,0,0,0,0,0,0,0,0,6,7,13,17,29,48,45,62,82
333,38322,6/24/19,,0.166153846,0.411389206,0,0,0,0,0,0,0,0,0,0,0,0,0,0,0,23,493,560,562,565,103,101,108
334,38345,1/23/20,,0.04576659,0.411389206,0,0,0,0,0,0,0,0,0,0,0,0,0,0,0,0,0,0,13,20,20,20,20
335,38399,11/12/19,,0.137524558,0.411389206,0,0,0,0,0,0,0,0,0,0,0,0,0,0,0,0,0,17,23,47,50,60,70
336,38582,4/24/20,,0.371014493,0.411389206,0,0,0,0,0,0,0,0,0,0,0,0,0,0,0,0,0,0,0,76,73,125,128
337,38633,9/21/20,,0.164102564,0.411389206,0,0,0,0,0,0,0,0,0,0,0,0,0,0,0,0,0,0,0,0,21,32,32
338,39255,6/3/19,,0.029806259,0.411389206,0,0,0,0,0,0,0,0,0,0,0,0,0,0,0,13,16,17,17,20,20,20,20
339,39447,3/11/19,,0.01986755,0.411389206,0,0,0,0,0,0,0,0,0,0,0,0,0,0,7,24,29,41,22,15,15,15,15
340,39527,7/23/18,,0.836713996,0.411389206,0,0,0,0,0,0,0,0,0,0,0,0,0,0,20,171,246,419,580,656,790,805,825
341,40228,2/9/21,,0.074074074,0.411389206,0,0,0,0,0,0,0,0,0,0,0,0,0,0,0,0,0,0,0,0,0,0,4
342,40751,9/10/19,2/8/21,0.02131783,0.411389206,0,0,0,0,0,0,0,0,0,0,0,0,0,0,0,0,6,6,6,9,8,11,0
343,41168,1/31/19,1/5/21,0.255714286,0.411389206,0,0,0,0,0,0,0,0,0,0,0,0,0,0,465,509,635,624,553,553,426,0,0
344,41254,3/11/19,,0.014569536,0.411389206,0,0,0,0,0,0,0,0,0,0,0,0,0,0,6,6,10,11,11,11,11,11,11
345,41484,6/10/19,8/28/19,0.102564103,0.411389206,0,0,0,0,0,0,0,0,0,0,0,0,0,0,0,9,0,0,0,0,0,0,0
346,42538,4/29/19,,0.020050125,0.411389206,0,0,0,0,0,0,0,0,0,0,0,0,0,0,0,6,8,8,8,0,0,0,0
347,42572,4/8/19,8/24/20,0.003976143,0.411389206,0,0,0,0,0,0,0,0,0,0,0,0,0,0,20,28,2,2,2,2,0,0,0
348,42958,3/25/19,5/18/20,0.00477327,0.411389206,0,0,0,0,0,0,0,0,0,0,0,0,0,0,1,1,2,2,2,0,0,0,0
349,43306,3/31/19,,0.542857143,0.411389206,0,0,0,0,0,0,0,0,0,0,0,0,0,0,71,425,425,424,424,424,424,424,399
350,52732,6/27/19,,0.443585781,0.411389206,0,0,0,0,0,0,0,0,0,0,0,0,0,0,0,40,50,47,104,151,205,281,287
351,53461,6/21/19,,0.035222052,0.411389206,0,0,0,0,0,0,0,0,0,0,0,0,0,0,0,11,14,5,8,16,16,16,23
352,53467,5/7/19,,0.035816619,0.411389206,0,0,0,0,0,0,0,0,0,0,0,0,0,0,0,25,25,25,25,25,25,25,25
353,53836,4/25/19,1/28/21,0.052877138,0.411389206,0,0,0,0,0,0,0,0,0,0,0,0,0,0,0,31,31,32,37,36,39,41,0
354,54143,5/21/19,,0.084795322,0.411389206,0,0,0,0,0,0,0,0,0,0,0,0,0,0,0,2,6,7,8,17,65,63,58
355,54492,3/9/20,,0.281329923,0.411389206,0,0,0,0,0,0,0,0,0,0,0,0,0,0,0,0,0,0,8,41,74,106,110
356,54779,4/24/19,4/24/20,0.010869565,0.411389206,0,0,0,0,0,0,0,0,0,0,0,0,0,0,0,6,4,0,0,0,0,0,0
357,54862,9/14/20,,0.01980198,0.411389206,0,0,0,0,0,0,0,0,0,0,0,0,0,0,0,0,0,0,0,0,2,3,4
358,55735,7/19/20,,0.200772201,0.411389206,0,0,0,0,0,0,0,0,0,0,0,0,0,0,0,0,0,0,0,18,26,29,52
359,55977,5/14/19,,0.515195369,0.411389206,0,0,0,0,0,0,0,0,0,0,0,0,0,0,0,141,247,315,371,406,373,385,356
360,56049,5/13/19,,0.278901734,0.411389206,0,0,0,0,0,0,0,0,0,0,0,0,0,0,0,38,41,51,39,95,158,165,193
361,56504,6/16/20,,0.065068493,0.411389206,0,0,0,0,0,0,0,0,0,0,0,0,0,0,0,0,0,0,0,15,20,17,19
362,57004,11/13/19,,0.122047244,0.411389206,0,0,0,0,0,0,0,0,0,0,0,0,0,0,0,0,0,27,31,46,55,57,62
363,57267,5/26/19,6/8/20,0.244444444,0.411389206,0,0,0,0,0,0,0,0,0,0,0,0,0,0,0,0,0,0,0,0,0,0,0
364,57394,6/25/19,,0.371340524,0.411389206,0,0,0,0,0,0,0,0,0,0,0,0,0,0,0,6,214,213,211,213,210,238,241
365,57694,5/20/19,3/24/21,0.014858841,0.411389206,0,0,0,0,0,0,0,0,0,0,0,0,0,0,0,30,30,30,30,30,30,30,0
366,58014,9/10/20,,0.087378641,0.411389206,0,0,0,0,0,0,0,0,0,0,0,0,0,0,0,0,0,0,0,0,16,17,18
367,58143,7/16/19,8/27/19,0.463414634,0.411389206,0,0,0,0,0,0,0,0,0,0,0,0,0,0,0,11,0,0,0,0,0,0,0
368,58167,5/30/19,,0.014814815,0.411389206,0,0,0,0,0,0,0,0,0,0,0,0,0,0,0,4,1,2,2,2,2,10,10
369,58184,6/5/19,,0.198804185,0.411389206,0,0,0,0,0,0,0,0,0,0,0,0,0,0,0,34,100,113,215,215,216,131,133
370,58405,12/2/19,,0.967280164,0.411389206,0,0,0,0,0,0,0,0,0,0,0,0,0,0,0,0,0,40,176,248,372,456,473
371,58407,11/4/19,,0.259187621,0.411389206,0,0,0,0,0,0,0,0,0,0,0,0,0,0,0,0,0,39,52,55,76,122,134
372,58523,3/25/20,,0.138666667,0.411389206,0,0,0,0,0,0,0,0,0,0,0,0,0,0,0,0,0,0,8,27,28,46,52
373,59139,8/10/20,,0.109704641,0.411389206,0,0,0,0,0,0,0,0,0,0,0,0,0,0,0,0,0,0,0,0,21,23,26
374,59251,7/1/19,6/2/20,0.023809524,0.411389206,0,0,0,0,0,0,0,0,0,0,0,0,0,0,0,19,139,165,104,0,0,0,0
375,66630,8/29/19,,0.131849315,0.411389206,0,0,0,0,0,0,0,0,0,0,0,0,0,0,0,0,34,51,61,62,72,75,77
376,86462,3/5/20,,0.075949367,0.411389206,0,0,0,0,0,0,0,0,0,0,0,0,0,0,0,0,0,0,34,34,33,30,30
377,104331,8/2/19,8/29/19,0.923076923,0.411389206,0,0,0,0,0,0,0,0,0,0,0,0,0,0,0,0,0,0,0,0,0,0,0
378,105068,8/14/19,1/17/21,0.013435701,0.411389206,0,0,0,0,0,0,0,0,0,0,0,0,0,0,0,0,25,27,27,23,23,0,0
379,105075,6/13/19,8/24/20,0.027459954,0.411389206,0,0,0,0,0,0,0,0,0,0,0,0,0,0,0,13,21,12,12,12,0,0,0
380,105348,7/17/19,2/18/21,0.003442341,0.411389206,0,0,0,0,0,0,0,0,0,0,0,0,0,0,0,1,2,2,2,2,2,2,0
381,105423,9/18/19,,0.040780142,0.411389206,0,0,0,0,0,0,0,0,0,0,0,0,0,0,0,0,16,20,20,21,21,22,23
382,105433,6/18/19,,2.364329268,0.411389206,0,0,0,0,0,0,0,0,0,0,0,0,0,0,0,15,691,1092,1147,1322,1293,1319,1551
383,105956,10/20/19,7/21/20,0.054744526,0.411389206,0,0,0,0,0,0,0,0,0,0,0,0,0,0,0,0,16,26,26,0,0,0,0
384,106329,9/19/19,,0.081705151,0.411389206,0,0,0,0,0,0,0,0,0,0,0,0,0,0,0,0,17,23,33,29,40,40,46
385,106741,7/1/19,,0.043545879,0.411389206,0,0,0,0,0,0,0,0,0,0,0,0,0,0,0,10,21,21,35,34,34,28,28
386,106751,3/6/20,6/15/20,0.09,0.411389206,0,0,0,0,0,0,0,0,0,0,0,0,0,0,0,0,0,0,9,0,0,0,0
387,106766,9/13/19,,0.059753954,0.411389206,0,0,0,0,0,0,0,0,0,0,0,0,0,0,0,0,6,17,26,32,34,26,34
388,107254,9/19/19,,0.898756661,0.411389206,0,0,0,0,0,0,0,0,0,0,0,0,0,0,0,0,17,58,80,158,264,387,506
389,108138,7/16/19,,0.300955414,0.411389206,0,0,0,0,0,0,0,0,0,0,0,0,0,0,0,0,33,40,41,56,101,100,189
390,108151,10/27/19,,0.024761905,0.411389206,0,0,0,0,0,0,0,0,0,0,0,0,0,0,0,0,0,16,17,17,17,14,13
391,108173,10/10/19,,0.381918819,0.411389206,0,0,0,0,0,0,0,0,0,0,0,0,0,0,0,0,15,29,45,170,213,207,207
392,108670,7/29/19,7/30/19,1,0.411389206,0,0,0,0,0,0,0,0,0,0,0,0,0,0,0,0,0,0,0,0,0,0,0
393,108716,9/27/19,10/10/19,0.083333333,0.411389206,0,0,0,0,0,0,0,0,0,0,0,0,0,0,0,0,0,0,0,0,0,0,0
394,108967,7/25/19,,0.252019386,0.411389206,0,0,0,0,0,0,0,0,0,0,0,0,0,0,0,0,50,48,82,83,175,156,156
395,108987,11/11/19,,0.141176471,0.411389206,0,0,0,0,0,0,0,0,0,0,0,0,0,0,0,0,0,17,17,23,29,72,72
396,109311,8/15/19,,0.050167224,0.411389206,0,0,0,0,0,0,0,0,0,0,0,0,0,0,0,0,62,99,128,131,27,31,30
397,109462,11/1/19,,0.092307692,0.411389206,0,0,0,0,0,0,0,0,0,0,0,0,0,0,0,0,0,18,24,34,38,45,48
398,109804,8/30/19,,0.550600343,0.411389206,0,0,0,0,0,0,0,0,0,0,0,0,0,0,0,0,153,298,234,275,377,387,321
399,110149,8/1/19,,0.985294118,0.411389206,0,0,0,0,0,0,0,0,0,0,0,0,0,0,0,0,0,0,35,125,362,396,603
400,110468,12/14/19,,0.176100629,0.411389206,0,0,0,0,0,0,0,0,0,0,0,0,0,0,0,0,0,22,22,23,33,84,84
401,110866,11/4/20,,0.218543046,0.411389206,0,0,0,0,0,0,0,0,0,0,0,0,0,0,0,0,0,0,0,0,0,26,33
402,111573,8/28/19,,0.100854701,0.411389206,0,0,0,0,0,0,0,0,0,0,0,0,0,0,0,0,4,29,47,53,57,64,59
403,111580,8/20/19,,0.027210884,0.411389206,0,0,0,0,0,0,0,0,0,0,0,0,0,0,0,0,4,8,12,0,0,0,0
404,112073,9/26/19,,2.893884892,0.411389206,0,0,0,0,0,0,0,0,0,0,0,0,0,0,0,0,1409,1654,1843,2104,2208,2378,1609
405,112151,12/5/19,,0.053497942,0.411389206,0,0,0,0,0,0,0,0,0,0,0,0,0,0,0,0,0,18,18,18,19,18,26
406,112241,9/1/19,12/17/20,0.006355932,0.411389206,0,0,0,0,0,0,0,0,0,0,0,0,0,0,0,0,3,0,8,8,8,0,0
407,112378,10/14/19,4/28/20,0.030612245,0.411389206,0,0,0,0,0,0,0,0,0,0,0,0,0,0,0,0,4,2,6,0,0,0,0
408,112972,10/3/19,,0.021857924,0.411389206,0,0,0,0,0,0,0,0,0,0,0,0,0,0,0,0,2,12,12,12,12,12,12
409,113029,9/14/19,,1.38556338,0.411389206,0,0,0,0,0,0,0,0,0,0,0,0,0,0,0,0,2,2,2,81,418,633,787
410,113734,11/9/19,,0.083984375,0.411389206,0,0,0,0,0,0,0,0,0,0,0,0,0,0,0,0,0,21,23,24,32,38,43
411,114896,10/7/19,8/6/20,0.577557756,0.411389206,0,0,0,0,0,0,0,0,0,0,0,0,0,0,0,0,6,90,173,175,0,0,0
412,115391,12/9/19,4/23/20,0.02962963,0.411389206,0,0,0,0,0,0,0,0,0,0,0,0,0,0,0,0,0,4,4,0,0,0,0
413,115444,10/17/19,9/24/20,0.064327485,0.411389206,0,0,0,0,0,0,0,0,0,0,0,0,0,0,0,0,9,19,22,22,0,0,0
414,115469,11/6/19,,0.036893204,0.411389206,0,0,0,0,0,0,0,0,0,0,0,0,0,0,0,0,0,15,9,14,19,19,19
415,115660,10/25/20,,0.074534162,0.411389206,0,0,0,0,0,0,0,0,0,0,0,0,0,0,0,0,0,0,0,0,0,13,12
416,115962,10/6/19,,0.095238095,0.411389206,0,0,0,0,0,0,0,0,0,0,0,0,0,0,0,0,5,13,22,23,32,41,52
417,116055,10/22/19,,0.037735849,0.411389206,0,0,0,0,0,0,0,0,0,0,0,0,0,0,0,0,0,46,48,59,20,20,20
418,116121,10/21/19,12/13/19,0.230769231,0.411389206,0,0,0,0,0,0,0,0,0,0,0,0,0,0,0,0,11,0,0,0,0,0,0
419,116195,2/11/20,,0.028708134,0.411389206,0,0,0,0,0,0,0,0,0,0,0,0,0,0,0,0,0,0,11,12,12,12,12
420,116305,3/11/20,,1.110539846,0.411389206,0,0,0,0,0,0,0,0,0,0,0,0,0,0,0,0,0,0,22,62,150,316,432
421,116810,10/15/19,,0.029795158,0.411389206,0,0,0,0,0,0,0,0,0,0,0,0,0,0,0,0,12,18,15,16,16,16,16
422,117109,11/25/19,,0.040322581,0.411389206,0,0,0,0,0,0,0,0,0,0,0,0,0,0,0,0,0,19,22,22,20,20,20
423,117344,8/14/20,8/26/20,0.454545455,0.411389206,0,0,0,0,0,0,0,0,0,0,0,0,0,0,0,0,0,0,0,0,0,0,0
424,117438,2/24/20,,1.469135803,0.411389206,0,0,0,0,0,0,0,0,0,0,0,0,0,0,0,0,0,0,31,90,380,641,595
425,117589,6/25/20,,0.074204947,0.411389206,0,0,0,0,0,0,0,0,0,0,0,0,0,0,0,0,0,0,0,12,20,19,21
426,117628,12/12/19,,0.014613779,0.411389206,0,0,0,0,0,0,0,0,0,0,0,0,0,0,0,0,0,5,5,2,2,7,7
427,118131,2/3/20,,0.030516432,0.411389206,0,0,0,0,0,0,0,0,0,0,0,0,0,0,0,0,0,0,12,11,12,12,13
428,118518,6/4/20,,0.098684211,0.411389206,0,0,0,0,0,0,0,0,0,0,0,0,0,0,0,0,0,0,0,10,22,24,30
429,119514,10/5/20,,0.082872928,0.411389206,0,0,0,0,0,0,0,0,0,0,0,0,0,0,0,0,0,0,0,0,13,13,15
430,119534,11/19/20,,0.066176471,0.411389206,0,0,0,0,0,0,0,0,0,0,0,0,0,0,0,0,0,0,0,0,0,8,9
431,120141,12/4/19,,0.453798768,0.411389206,0,0,0,0,0,0,0,0,0,0,0,0,0,0,0,0,0,8,30,69,139,222,221
432,120387,1/29/20,2/3/20,1,0.411389206,0,0,0,0,0,0,0,0,0,0,0,0,0,0,0,0,0,0,0,0,0,0,0
433,120692,11/25/19,,0.014112903,0.411389206,0,0,0,0,0,0,0,0,0,0,0,0,0,0,0,0,0,6,7,7,7,7,7
434,120750,1/7/20,,0.04415011,0.411389206,0,0,0,0,0,0,0,0,0,0,0,0,0,0,0,0,0,11,15,17,19,19,20
435,121380,1/22/20,,0.038812785,0.411389206,0,0,0,0,0,0,0,0,0,0,0,0,0,0,0,0,0,0,19,15,15,15,17
436,122011,9/15/20,,0.114427861,0.411389206,0,0,0,0,0,0,0,0,0,0,0,0,0,0,0,0,0,0,0,0,15,19,23
437,122137,12/12/19,4/4/20,0.061946903,0.411389206,0,0,0,0,0,0,0,0,0,0,0,0,0,0,0,0,0,7,0,0,0,0,0
438,122417,2/8/20,,0.09263658,0.411389206,0,0,0,0,0,0,0,0,0,0,0,0,0,0,0,0,0,0,11,17,22,32,39
439,122676,12/17/19,,0.054852321,0.411389206,0,0,0,0,0,0,0,0,0,0,0,0,0,0,0,0,0,3,18,23,23,26,26
440,123023,2/20/20,,0.056234719,0.411389206,0,0,0,0,0,0,0,0,0,0,0,0,0,0,0,0,0,0,18,24,26,41,23
441,124841,5/4/20,,0.543283582,0.411389206,0,0,0,0,0,0,0,0,0,0,0,0,0,0,0,0,0,0,0,47,132,172,182
442,126107,7/1/20,,2.368231047,0.411389206,0,0,0,0,0,0,0,0,0,0,0,0,0,0,0,0,0,0,0,30,137,384,656
443,126117,8/6/20,,0.070539419,0.411389206,0,0,0,0,0,0,0,0,0,0,0,0,0,0,0,0,0,0,0,0,12,13,17
444,126366,1/17/20,,0.036117382,0.411389206,0,0,0,0,0,0,0,0,0,0,0,0,0,0,0,0,0,7,10,12,14,14,16
445,127362,2/27/20,2/28/21,0.073770492,0.411389206,0,0,0,0,0,0,0,0,0,0,0,0,0,0,0,0,0,0,25,49,27,27,0
446,127435,10/13/20,,0.080924856,0.411389206,0,0,0,0,0,0,0,0,0,0,0,0,0,0,0,0,0,0,0,0,11,13,14
447,128035,11/9/20,,2.006849315,0.411389206,0,0,0,0,0,0,0,0,0,0,0,0,0,0,0,0,0,0,0,0,0,89,293
448,128098,5/15/20,,0.030864198,0.411389206,0,0,0,0,0,0,0,0,0,0,0,0,0,0,0,0,0,0,0,16,10,8,10
449,128491,2/10/20,,0.040572792,0.411389206,0,0,0,0,0,0,0,0,0,0,0,0,0,0,0,0,0,0,12,16,17,17,17
450,129008,11/17/20,,0.094202899,0.411389206,0,0,0,0,0,0,0,0,0,0,0,0,0,0,0,0,0,0,0,0,0,13,13
451,129795,2/7/20,,0.227488152,0.411389206,0,0,0,0,0,0,0,0,0,0,0,0,0,0,0,0,0,0,38,40,66,73,96
452,130004,3/9/21,,0.538461539,0.411389206,0,0,0,0,0,0,0,0,0,0,0,0,0,0,0,0,0,0,0,0,0,0,14
453,130018,5/22/20,,0.129337539,0.411389206,0,0,0,0,0,0,0,0,0,0,0,0,0,0,0,0,0,0,0,20,23,37,41
454,130112,10/22/20,,0.042682927,0.411389206,0,0,0,0,0,0,0,0,0,0,0,0,0,0,0,0,0,0,0,0,0,10,7
455,130226,12/3/20,,0.172131148,0.411389206,0,0,0,0,0,0,0,0,0,0,0,0,0,0,0,0,0,0,0,0,0,14,21
456,131990,8/11/20,,0.118644068,0.411389206,0,0,0,0,0,0,0,0,0,0,0,0,0,0,0,0,0,0,0,0,6,7,28
457,132324,2/24/20,,0.22962963,0.411389206,0,0,0,0,0,0,0,0,0,0,0,0,0,0,0,0,0,0,40,47,63,88,93
458,134524,6/25/20,,0.307420495,0.411389206,0,0,0,0,0,0,0,0,0,0,0,0,0,0,0,0,0,0,0,5,69,83,87
459,135117,8/13/20,1/16/21,0.096774194,0.411389206,0,0,0,0,0,0,0,0,0,0,0,0,0,0,0,0,0,0,0,0,17,0,0
460,135260,7/30/20,,0.028225807,0.411389206,0,0,0,0,0,0,0,0,0,0,0,0,0,0,0,0,0,0,0,0,10,7,7
461,135323,5/25/20,,0.057324841,0.411389206,0,0,0,0,0,0,0,0,0,0,0,0,0,0,0,0,0,0,0,16,16,16,18
462,136765,10/30/20,,0.134615385,0.411389206,0,0,0,0,0,0,0,0,0,0,0,0,0,0,0,0,0,0,0,0,0,21,21
463,136976,8/22/20,,0.355555556,0.411389206,0,0,0,0,0,0,0,0,0,0,0,0,0,0,0,0,0,0,0,0,7,23,80
464,138301,4/8/20,,0.207756233,0.411389206,0,0,0,0,0,0,0,0,0,0,0,0,0,0,0,0,0,0,0,27,35,59,75
465,138362,1/10/21,,0.321428571,0.411389206,0,0,0,0,0,0,0,0,0,0,0,0,0,0,0,0,0,0,0,0,0,27,27
466,139181,7/26/20,,0.087301587,0.411389206,0,0,0,0,0,0,0,0,0,0,0,0,0,0,0,0,0,0,0,0,16,22,22
467,139510,10/12/20,,0.195402299,0.411389206,0,0,0,0,0,0,0,0,0,0,0,0,0,0,0,0,0,0,0,0,18,25,34
468,139914,5/7/20,,0.286144578,0.411389206,0,0,0,0,0,0,0,0,0,0,0,0,0,0,0,0,0,0,0,51,63,66,95
469,140925,8/11/20,,0.127118644,0.411389206,0,0,0,0,0,0,0,0,0,0,0,0,0,0,0,0,0,0,0,0,13,21,30
470,141283,4/30/20,,3.342182891,0.411389206,0,0,0,0,0,0,0,0,0,0,0,0,0,0,0,0,0,0,0,0,494,598,1133
471,141367,10/2/20,,0.516304348,0.411389206,0,0,0,0,0,0,0,0,0,0,0,0,0,0,0,0,0,0,0,0,0,77,95
472,141729,5/28/20,,0.028938907,0.411389206,0,0,0,0,0,0,0,0,0,0,0,0,0,0,0,0,0,0,0,20,20,9,9
473,143016,7/15/20,,0.543726236,0.411389206,0,0,0,0,0,0,0,0,0,0,0,0,0,0,0,0,0,0,0,10,62,127,143
474,143032,8/18/20,,0.187772926,0.411389206,0,0,0,0,0,0,0,0,0,0,0,0,0,0,0,0,0,0,0,0,59,63,43
475,143283,6/25/20,,0.053003534,0.411389206,0,0,0,0,0,0,0,0,0,0,0,0,0,0,0,0,0,0,0,1,14,15,15
476,144035,9/2/20,,0.051401869,0.411389206,0,0,0,0,0,0,0,0,0,0,0,0,0,0,0,0,0,0,0,0,10,11,11
477,144487,8/14/20,,0.858369099,0.411389206,0,0,0,0,0,0,0,0,0,0,0,0,0,0,0,0,0,0,0,0,44,131,200
478,145304,7/30/20,,0.358870968,0.411389206,0,0,0,0,0,0,0,0,0,0,0,0,0,0,0,0,0,0,0,0,69,88,89
479,145452,7/9/20,,4.026022305,0.411389206,0,0,0,0,0,0,0,0,0,0,0,0,0,0,0,0,0,0,0,4,10,36,1083
480,145519,3/9/21,,2,0.411389206,0,0,0,0,0,0,0,0,0,0,0,0,0,0,0,0,0,0,0,0,0,0,52
481,145954,8/13/20,,0.064102564,0.411389206,0,0,0,0,0,0,0,0,0,0,0,0,0,0,0,0,0,0,0,0,8,9,15
482,146296,1/18/21,,0.171052632,0.411389206,0,0,0,0,0,0,0,0,0,0,0,0,0,0,0,0,0,0,0,0,0,5,13
483,146525,8/14/20,,0.0472103,0.411389206,0,0,0,0,0,0,0,0,0,0,0,0,0,0,0,0,0,0,0,0,4,6,11
484,146905,7/23/20,,0.392156863,0.411389206,0,0,0,0,0,0,0,0,0,0,0,0,0,0,0,0,0,0,0,0,40,76,100
485,147168,9/21/20,,0.841025641,0.411389206,0,0,0,0,0,0,0,0,0,0,0,0,0,0,0,0,0,0,0,0,81,142,164
486,147352,12/15/20,,0.290909091,0.411389206,0,0,0,0,0,0,0,0,0,0,0,0,0,0,0,0,0,0,0,0,0,31,32
487,147540,8/26/20,,0.199095023,0.411389206,0,0,0,0,0,0,0,0,0,0,0,0,0,0,0,0,0,0,0,0,15,33,44
488,147869,6/25/20,,4.533568905,0.411389206,0,0,0,0,0,0,0,0,0,0,0,0,0,0,0,0,0,0,0,7,356,861,1283
489,148041,12/4/20,,1.644628099,0.411389206,0,0,0,0,0,0,0,0,0,0,0,0,0,0,0,0,0,0,0,0,0,199,199
490,149099,9/14/20,,0.183168317,0.411389206,0,0,0,0,0,0,0,0,0,0,0,0,0,0,0,0,0,0,0,0,25,26,37
491,149382,11/17/20,,0.152173913,0.411389206,0,0,0,0,0,0,0,0,0,0,0,0,0,0,0,0,0,0,0,0,0,21,21
492,149712,1/26/21,,0.205882353,0.411389206,0,0,0,0,0,0,0,0,0,0,0,0,0,0,0,0,0,0,0,0,0,0,14
493,151458,7/20/20,,0.050387597,0.411389206,0,0,0,0,0,0,0,0,0,0,0,0,0,0,0,0,0,0,0,8,10,10,13
494,151997,1/26/21,,0.264705882,0.411389206,0,0,0,0,0,0,0,0,0,0,0,0,0,0,0,0,0,0,0,0,0,0,18
495,153145,10/14/20,,0.098837209,0.411389206,0,0,0,0,0,0,0,0,0,0,0,0,0,0,0,0,0,0,0,0,13,13,17
496,153176,7/30/20,,0.830645161,0.411389206,0,0,0,0,0,0,0,0,0,0,0,0,0,0,0,0,0,0,0,0,171,189,206
497,153848,12/23/20,,0.12745098,0.411389206,0,0,0,0,0,0,0,0,0,0,0,0,0,0,0,0,0,0,0,0,0,6,13
498,154017,9/23/20,,0.015544042,0.411389206,0,0,0,0,0,0,0,0,0,0,0,0,0,0,0,0,0,0,0,0,3,3,3
499,154195,11/30/20,,0.128,0.411389206,0,0,0,0,0,0,0,0,0,0,0,0,0,0,0,0,0,0,0,0,0,14,16
500,154350,8/18/20,,0.069868996,0.411389206,0,0,0,0,0,0,0,0,0,0,0,0,0,0,0,0,0,0,0,0,12,16,16
501,154845,8/11/20,,0.161016949,0.411389206,0,0,0,0,0,0,0,0,0,0,0,0,0,0,0,0,0,0,0,0,27,32,38
502,155615,9/4/20,,0.212264151,0.411389206,0,0,0,0,0,0,0,0,0,0,0,0,0,0,0,0,0,0,0,0,43,44,45
503,155869,11/11/20,,0.291666667,0.411389206,0,0,0,0,0,0,0,0,0,0,0,0,0,0,0,0,0,0,0,0,0,27,42
504,156461,3/5/21,,0.433333333,0.411389206,0,0,0,0,0,0,0,0,0,0,0,0,0,0,0,0,0,0,0,0,0,0,13
505,156738,8/25/20,3/9/21,0.005128205,0.411389206,0,0,0,0,0,0,0,0,0,0,0,0,0,0,0,0,0,0,0,0,1,1,0
506,158348,1/4/21,,0.133333333,0.411389206,0,0,0,0,0,0,0,0,0,0,0,0,0,0,0,0,0,0,0,0,0,11,12
507,158553,9/21/20,11/17/20,0.125,0.411389206,0,0,0,0,0,0,0,0,0,0,0,0,0,0,0,0,0,0,0,0,7,0,0
508,158599,10/16/20,,0.394117647,0.411389206,0,0,0,0,0,0,0,0,0,0,0,0,0,0,0,0,0,0,0,0,61,65,67
509,158732,11/5/20,,0.253333333,0.411389206,0,0,0,0,0,0,0,0,0,0,0,0,0,0,0,0,0,0,0,0,0,23,38
510,159701,3/16/21,,1.789473684,0.411389206,0,0,0,0,0,0,0,0,0,0,0,0,0,0,0,0,0,0,0,0,0,0,34
511,159853,10/30/20,,0.102564103,0.411389206,0,0,0,0,0,0,0,0,0,0,0,0,0,0,0,0,0,0,0,0,0,16,16
512,160012,2/2/21,,0.508196721,0.411389206,0,0,0,0,0,0,0,0,0,0,0,0,0,0,0,0,0,0,0,0,0,0,31
513,161045,11/5/20,,0.26,0.411389206,0,0,0,0,0,0,0,0,0,0,0,0,0,0,0,0,0,0,0,0,0,36,39
514,161257,10/5/20,,0.005524862,0.411389206,0,0,0,0,0,0,0,0,0,0,0,0,0,0,0,0,0,0,0,0,1,1,1
515,161764,12/23/20,,0.705882353,0.411389206,0,0,0,0,0,0,0,0,0,0,0,0,0,0,0,0,0,0,0,0,0,10,72
516,161792,10/28/20,,0.151898734,0.411389206,0,0,0,0,0,0,0,0,0,0,0,0,0,0,0,0,0,0,0,0,0,17,24
517,161983,10/19/20,,21.49101796,0.411389206,0,0,0,0,0,0,0,0,0,0,0,0,0,0,0,0,0,0,0,0,11,2258,3589
518,162099,1/21/21,,0.794520548,0.411389206,0,0,0,0,0,0,0,0,0,0,0,0,0,0,0,0,0,0,0,0,0,39,58
519,163081,1/18/21,,0.157894737,0.411389206,0,0,0,0,0,0,0,0,0,0,0,0,0,0,0,0,0,0,0,0,0,7,12
520,163502,10/12/20,,0.028735632,0.411389206,0,0,0,0,0,0,0,0,0,0,0,0,0,0,0,0,0,0,0,0,3,3,5
521,164111,2/15/21,,1.916666667,0.411389206,0,0,0,0,0,0,0,0,0,0,0,0,0,0,0,0,0,0,0,0,0,0,92
522,165020,11/11/20,,0.520833333,0.411389206,0,0,0,0,0,0,0,0,0,0,0,0,0,0,0,0,0,0,0,0,0,58,75
523,165133,2/3/21,,0.333333333,0.411389206,0,0,0,0,0,0,0,0,0,0,0,0,0,0,0,0,0,0,0,0,0,0,20
524,165232,3/9/21,,0.615384615,0.411389206,0,0,0,0,0,0,0,0,0,0,0,0,0,0,0,0,0,0,0,0,0,0,16
525,165812,2/4/21,,0.288135593,0.411389206,0,0,0,0,0,0,0,0,0,0,0,0,0,0,0,0,0,0,0,0,0,0,17
526,167548,1/30/21,,0.234375,0.411389206,0,0,0,0,0,0,0,0,0,0,0,0,0,0,0,0,0,0,0,0,0,0,15
527,168123,3/9/21,,0.461538462,0.411389206,0,0,0,0,0,0,0,0,0,0,0,0,0,0,0,0,0,0,0,0,0,0,12
528,168368,11/14/20,,0.205673759,0.411389206,0,0,0,0,0,0,0,0,0,0,0,0,0,0,0,0,0,0,0,0,0,29,29
529,169885,1/27/21,,0.597014925,0.411389206,0,0,0,0,0,0,0,0,0,0,0,0,0,0,0,0,0,0,0,0,0,0,40
530,169909,11/25/20,,0.123076923,0.411389206,0,0,0,0,0,0,0,0,0,0,0,0,0,0,0,0,0,0,0,0,0,14,16
531,170961,2/2/21,,2.983606557,0.411389206,0,0,0,0,0,0,0,0,0,0,0,0,0,0,0,0,0,0,0,0,0,0,182
532,172015,12/8/20,,0.051282051,0.411389206,0,0,0,0,0,0,0,0,0,0,0,0,0,0,0,0,0,0,0,0,0,2,6
533,172351,12/19/20,,0.08490566,0.411389206,0,0,0,0,0,0,0,0,0,0,0,0,0,0,0,0,0,0,0,0,0,5,9
534,173175,12/15/20,,0.009090909,0.411389206,0,0,0,0,0,0,0,0,0,0,0,0,0,0,0,0,0,0,0,0,0,0,1
535,178729,1/25/21,,0.492753623,0.411389206,0,0,0,0,0,0,0,0,0,0,0,0,0,0,0,0,0,0,0,0,0,0,34
536,179120,1/19/21,,0.093333333,0.411389206,0,0,0,0,0,0,0,0,0,0,0,0,0,0,0,0,0,0,0,0,0,2,7
537,179797,2/2/21,,0.475409836,0.411389206,0,0,0,0,0,0,0,0,0,0,0,0,0,0,0,0,0,0,0,0,0,0,29
538,179945,1/19/21,,0.373333333,0.411389206,0,0,0,0,0,0,0,0,0,0,0,0,0,0,0,0,0,0,0,0,0,1,28
539,181590,1/26/21,,0.264705882,0.411389206,0,0,0,0,0,0,0,0,0,0,0,0,0,0,0,0,0,0,0,0,0,0,18
540,182860,3/29/21,,5,0.411389206,0,0,0,0,0,0,0,0,0,0,0,0,0,0,0,0,0,0,0,0,0,0,30
541,183080,2/19/21,,0.931818182,0.411389206,0,0,0,0,0,0,0,0,0,0,0,0,0,0,0,0,0,0,0,0,0,0,41
542,184496,3/4/21,,2.580645161,0.411389206,0,0,0,0,0,0,0,0,0,0,0,0,0,0,0,0,0,0,0,0,0,0,80
543,184865,3/5/21,,7.066666667,0.411389206,0,0,0,0,0,0,0,0,0,0,0,0,0,0,0,0,0,0,0,0,0,0,212
544,184878,2/10/21,,2.547169811,0.411389206,0,0,0,0,0,0,0,0,0,0,0,0,0,0,0,0,0,0,0,0,0,0,135
545,185019,3/10/21,,0.36,0.411389206,0,0,0,0,0,0,0,0,0,0,0,0,0,0,0,0,0,0,0,0,0,0,9
546,185110,2/23/21,,1.35,0.411389206,0,0,0,0,0,0,0,0,0,0,0,0,0,0,0,0,0,0,0,0,0,0,54
547,186114,2/18/21,,0.355555556,0.411389206,0,0,0,0,0,0,0,0,0,0,0,0,0,0,0,0,0,0,0,0,0,0,16
548,187217,3/3/21,,0.03125,0.411389206,0,0,0,0,0,0,0,0,0,0,0,0,0,0,0,0,0,0,0,0,0,0,1
549,188214,4/1/21,,0.666666667,0.411389206,0,0,0,0,0,0,0,0,0,0,0,0,0,0,0,0,0,0,0,0,0,0,2
550,188938,3/11/21,3/12/21,2,0.411389206,0,0,0,0,0,0,0,0,0,0,0,0,0,0,0,0,0,0,0,0,0,0,0
551,189312,3/12/21,,0.130434783,0.411389206,0,0,0,0,0,0,0,0,0,0,0,0,0,0,0,0,0,0,0,0,0,0,3
552,189790,3/29/21,,4.666666667,0.411389206,0,0,0,0,0,0,0,0,0,0,0,0,0,0,0,0,0,0,0,0,0,0,28
553,191354,3/24/21,,0.090909091,0.411389206,0,0,0,0,0,0,0,0,0,0,0,0,0,0,0,0,0,0,0,0,0,0,1
554,192051,3/31/21,,1.25,0.411389206,0,0,0,0,0,0,0,0,0,0,0,0,0,0,0,0,0,0,0,0,0,0,5